idx,target,reactants
1,Cc1cccc(C#Cc2ccc(-c3ccnn3C)cc2)n1,Cc1cccc(C#C[Si](C)(C)C)n1.Cn1nccc1-c1ccc(Br)cc1
0,Cc1cccc(C#Cc2ccc(-c3ccnn3C)cc2)n1,C#Cc1cccc(C)n1.Cn1nccc1-c1ccc(I)cc1
1,Cc1cccc(C#Cc2ccc(-c3ccnn3C)cc2)n1,C#Cc1cccc(C)n1.Cn1nccc1-c1ccc(Br)cc1
2,Cc1cccc(C#Cc2ccc(-c3ccnn3C)cc2)n1,C#Cc1ccc(-c2ccnn2C)cc1.Cc1cccc(Br)n1
3,Cc1cccc(C#Cc2ccc(-c3ccnn3C)cc2)n1,C#Cc1ccc(-c2ccnn2C)cc1.Cc1cccc(I)n1
4,Cc1cccc(C#Cc2ccc(-c3ccnn3C)cc2)n1,Cc1cccc(C#Cc2ccc(Br)cc2)n1.Cn1nccc1B1OC(C)(C)C(C)(C)O1
5,Cc1cccc(C#Cc2ccc(-c3ccnn3C)cc2)n1,Cc1cccc(C#Cc2ccc(Br)cc2)n1.Cn1nccc1B(O)O
6,Cc1cccc(C#Cc2ccc(-c3ccnn3C)cc2)n1,CI.Cc1cccc(C#Cc2ccc(-c3ccn[nH]3)cc2)n1
7,Cc1cccc(C#Cc2ccc(-c3ccnn3C)cc2)n1,Cc1cccc(C#C[Si](C)(C)C)n1.Cn1nccc1-c1ccc(I)cc1
8,Cc1cccc(C#Cc2ccc(-c3ccnn3C)cc2)n1,C#Cc1cccc(C)n1.Cn1nccc1-c1ccc(OS(=O)(=O)C(F)(F)F)cc1
9,Cc1cccc(C#Cc2ccc(-c3ccnn3C)cc2)n1,Cc1cccc(C#Cc2ccc(Cl)cc2)n1.Cn1nccc1B(O)O
10,Cc1cccc(C#Cc2ccc(-c3ccnn3C)cc2)n1,Cc1cccc(C#Cc2ccc(I)cc2)n1.Cn1nccc1B1OC(C)(C)C(C)(C)O1
11,Cc1cccc(C#Cc2ccc(-c3ccnn3C)cc2)n1,C#Cc1ccc(-c2ccnn2C)cc1.Cc1cccc(Cl)n1
12,Cc1cccc(C#Cc2ccc(-c3ccnn3C)cc2)n1,Cc1cccc(C#C[Si](C)(C)C)n1.Cn1nccc1-c1ccc(Br)cc1
13,Cc1cccc(C#Cc2ccc(-c3ccnn3C)cc2)n1,Cc1cccc(C#Cc2ccc(I)cc2)n1.Cn1nccc1B(O)O
14,Cc1cccc(C#Cc2ccc(-c3ccnn3C)cc2)n1,Cc1cccc(C#Cc2ccc(Cl)cc2)n1.Cn1nccc1B1OC(C)(C)C(C)(C)O1
15,Cc1cccc(C#Cc2ccc(-c3ccnn3C)cc2)n1,Cc1cccc(I)n1.Cn1nccc1-c1ccc(C#C[Si](C)(C)C)cc1
16,Cc1cccc(C#Cc2ccc(-c3ccnn3C)cc2)n1,Cc1cccc(C#Cc2ccc(B3OC(C)(C)C(C)(C)O3)cc2)n1.Cn1nccc1Br
17,Cc1cccc(C#Cc2ccc(-c3ccnn3C)cc2)n1,C#Cc1cccc(C)n1.Cn1nccc1-c1ccc(Cl)cc1
18,Cc1cccc(C#Cc2ccc(-c3ccnn3C)cc2)n1,C#Cc1ccc(-c2ccnn2C)cc1.Cc1cccc(OS(=O)(=O)C(F)(F)F)n1
19,Cc1cccc(C#Cc2ccc(-c3ccnn3C)cc2)n1,CCCC[Sn](CCCC)(CCCC)c1ccnn1C.Cc1cccc(C#Cc2ccc(Br)cc2)n1
20,Cc1cccc(C#Cc2ccc(-c3ccnn3C)cc2)n1,CCCC[Sn](C#Cc1cccc(C)n1)(CCCC)CCCC.Cn1nccc1-c1ccc(I)cc1
21,Cc1cccc(C#Cc2ccc(-c3ccnn3C)cc2)n1,Cc1cccc(Br)n1.Cn1nccc1-c1ccc(C#C[Si](C)(C)C)cc1
22,Cc1cccc(C#Cc2ccc(-c3ccnn3C)cc2)n1,COS(C)(=O)=O.Cc1cccc(C#Cc2ccc(-c3ccn[nH]3)cc2)n1
23,Cc1cccc(C#Cc2ccc(-c3ccnn3C)cc2)n1,Cc1cccc(C#Cc2ccc(Br)cc2)n1.Cn1nccc1Br
24,Cc1cccc(C#Cc2ccc(-c3ccnn3C)cc2)n1,CO.Cc1cccc(C#Cc2ccc(-c3ccn[nH]3)cc2)n1
25,Cc1cccc(C#Cc2ccc(-c3ccnn3C)cc2)n1,CCCC[Sn](C#Cc1cccc(C)n1)(CCCC)CCCC.Cn1nccc1-c1ccc(Br)cc1
26,Cc1cccc(C#Cc2ccc(-c3ccnn3C)cc2)n1,Cc1cccc(C#Cc2ccc(B3OC(C)(C)C(C)(C)O3)cc2)n1.Cn1nccc1I
27,Cc1cccc(C#Cc2ccc(-c3ccnn3C)cc2)n1,Cc1cccc(C#CB2OC(C)(C)C(C)(C)O2)n1.Cn1nccc1-c1ccc(Br)cc1
28,Cc1cccc(C#Cc2ccc(-c3ccnn3C)cc2)n1,Cc1cccc(C#Cc2ccc(B(O)O)cc2)n1.Cn1nccc1Br
29,Cc1cccc(C#Cc2ccc(-c3ccnn3C)cc2)n1,Cc1cccc(C#CB(O)O)n1.Cn1nccc1-c1ccc(Br)cc1
30,Cc1cccc(C#Cc2ccc(-c3ccnn3C)cc2)n1,CBr.Cc1cccc(C#Cc2ccc(-c3ccn[nH]3)cc2)n1
31,Cc1cccc(C#Cc2ccc(-c3ccnn3C)cc2)n1,CCl.Cc1cccc(C#Cc2ccc(-c3ccn[nH]3)cc2)n1
32,Cc1cccc(C#Cc2ccc(-c3ccnn3C)cc2)n1,CNN.Cc1cccc(C#Cc2ccc(C(=O)CC=O)cc2)n1
33,Cc1cccc(C#Cc2ccc(-c3ccnn3C)cc2)n1,Cc1cccc(C#Cc2ccc(Br)cc2)n1.Cn1nccc1[Sn](C)(C)C
34,Cc1cccc(C#Cc2ccc(-c3ccnn3C)cc2)n1,CCCC[Sn](C#Cc1cccc(C)n1)(CCCC)CCCC.Cn1nccc1-c1ccc(Cl)cc1
35,Cc1cccc(C#Cc2ccc(-c3ccnn3C)cc2)n1,Cc1cccc(Br)n1.[C-]#Cc1ccc(-c2ccnn2C)cc1
36,Cc1cccc(C#Cc2ccc(-c3ccnn3C)cc2)n1,Cc1cccc(C#Cc2ccc(Br)cc2)n1.Cn1nccc1I
37,Cc1cccc(C#Cc2ccc(-c3ccnn3C)cc2)n1,Cc1cccc(C#CB(OC(C)C)OC(C)C)n1.Cn1nccc1-c1ccc(Br)cc1
38,Cc1cccc(C#Cc2ccc(-c3ccnn3C)cc2)n1,Cc1cccc(C#CI)n1.Cn1nccc1-c1ccc(I)cc1
39,Cc1cccc(C#Cc2ccc(-c3ccnn3C)cc2)n1,Cc1cccc(C#CBr)n1.Cn1nccc1-c1ccc(B2OC(C)(C)C(C)(C)O2)cc1
40,Cc1cccc(C#Cc2ccc(-c3ccnn3C)cc2)n1,Cc1cccc(C#Cc2ccc(I)cc2)n1.Cn1nccc1[Sn](C)(C)C
41,Cc1cccc(C#Cc2ccc(-c3ccnn3C)cc2)n1,Cc1cccc(C#CB(O)O)n1.Cn1nccc1-c1ccc(I)cc1
42,Cc1cccc(C#Cc2ccc(-c3ccnn3C)cc2)n1,Cc1cccc(B2OC(C)(C)C(C)(C)O2)n1.Cn1nccc1-c1ccc(C#CBr)cc1
43,Cc1cccc(C#Cc2ccc(-c3ccnn3C)cc2)n1,CCCC[Sn](C#Cc1cccc(C)n1)(CCCC)CCCC.Cn1nccc1-c1ccc(OS(=O)(=O)C(F)(F)F)cc1
44,Cc1cccc(C#Cc2ccc(-c3ccnn3C)cc2)n1,Cc1cccc(C#Cc2ccc(B(O)O)cc2)n1.Cn1nccc1OS(=O)(=O)C(F)(F)F
45,Cc1cccc(C#Cc2ccc(-c3ccnn3C)cc2)n1,Cc1cccc(C#Cc2ccc(B(O)O)cc2)n1.Cn1nccc1I
46,Cc1cccc(C#Cc2ccc(-c3ccnn3C)cc2)n1,CCCC[Sn](C#Cc1ccc(-c2ccnn2C)cc1)(CCCC)CCCC.Cc1cccc(I)n1
47,Cc1cccc(C#Cc2ccc(-c3ccnn3C)cc2)n1,Cc1cccc(C#Cc2ccc(Br)cc2)n1.Cn1nccc1B1OCC(C)(C)CO1
48,Cc1cccc(C#Cc2ccc(-c3ccnn3C)cc2)n1,Cc1cccc(C#Cc2ccc(Cl)cc2)n1.Cn1nccc1[Mg+]
49,Cc1cccc(C#Cc2ccc(-c3ccnn3C)cc2)n1,CC[Si](C#Cc1cccc(C)n1)(CC)CC.Cn1nccc1-c1ccc(Br)cc1
,,
2,Nc1ccc(-c2c(F)cccc2C(F)(F)F)cc1[N+](=O)[O-],CC1(C)OB(c2ccc(N)c([N+](=O)[O-])c2)OC1(C)C.Fc1cccc(C(F)(F)F)c1Br
0,Nc1ccc(-c2c(F)cccc2C(F)(F)F)cc1[N+](=O)[O-],Nc1ccc(Br)cc1[N+](=O)[O-].OB(O)c1c(F)cccc1C(F)(F)F
1,Nc1ccc(-c2c(F)cccc2C(F)(F)F)cc1[N+](=O)[O-],CC1(C)OB(c2ccc(N)c([N+](=O)[O-])c2)OC1(C)C.Fc1cccc(C(F)(F)F)c1Br
2,Nc1ccc(-c2c(F)cccc2C(F)(F)F)cc1[N+](=O)[O-],Nc1ccc(I)cc1[N+](=O)[O-].OB(O)c1c(F)cccc1C(F)(F)F
3,Nc1ccc(-c2c(F)cccc2C(F)(F)F)cc1[N+](=O)[O-],Nc1ccc(Cl)cc1[N+](=O)[O-].OB(O)c1c(F)cccc1C(F)(F)F
4,Nc1ccc(-c2c(F)cccc2C(F)(F)F)cc1[N+](=O)[O-],CC1(C)OB(c2c(F)cccc2C(F)(F)F)OC1(C)C.Nc1ccc(Br)cc1[N+](=O)[O-]
5,Nc1ccc(-c2c(F)cccc2C(F)(F)F)cc1[N+](=O)[O-],CC1(C)OB(c2ccc(N)c([N+](=O)[O-])c2)OC1(C)C.Fc1cccc(C(F)(F)F)c1I
6,Nc1ccc(-c2c(F)cccc2C(F)(F)F)cc1[N+](=O)[O-],O=[N+]([O-])c1cc(-c2c(F)cccc2C(F)(F)F)ccc1F.[NH4+]
7,Nc1ccc(-c2c(F)cccc2C(F)(F)F)cc1[N+](=O)[O-],CC(=O)Nc1ccc(-c2c(F)cccc2C(F)(F)F)cc1[N+](=O)[O-]
8,Nc1ccc(-c2c(F)cccc2C(F)(F)F)cc1[N+](=O)[O-],N.O=[N+]([O-])c1cc(-c2c(F)cccc2C(F)(F)F)ccc1F
9,Nc1ccc(-c2c(F)cccc2C(F)(F)F)cc1[N+](=O)[O-],CC1(C)OB(c2c(F)cccc2C(F)(F)F)OC1(C)C.Nc1ccc(I)cc1[N+](=O)[O-]
10,Nc1ccc(-c2c(F)cccc2C(F)(F)F)cc1[N+](=O)[O-],Nc1ccc(OS(=O)(=O)C(F)(F)F)cc1[N+](=O)[O-].OB(O)c1c(F)cccc1C(F)(F)F
11,Nc1ccc(-c2c(F)cccc2C(F)(F)F)cc1[N+](=O)[O-],Fc1cccc(C(F)(F)F)c1Br.Nc1ccc(Br)cc1[N+](=O)[O-]
12,Nc1ccc(-c2c(F)cccc2C(F)(F)F)cc1[N+](=O)[O-],CC1(C)OB(c2c(F)cccc2C(F)(F)F)OC1(C)C.Nc1ccc(OS(=O)(=O)C(F)(F)F)cc1[N+](=O)[O-]
13,Nc1ccc(-c2c(F)cccc2C(F)(F)F)cc1[N+](=O)[O-],Fc1cccc(C(F)(F)F)c1I.Nc1ccc(Br)cc1[N+](=O)[O-]
14,Nc1ccc(-c2c(F)cccc2C(F)(F)F)cc1[N+](=O)[O-],C[Sn](C)(C)c1c(F)cccc1C(F)(F)F.Nc1ccc(Br)cc1[N+](=O)[O-]
15,Nc1ccc(-c2c(F)cccc2C(F)(F)F)cc1[N+](=O)[O-],CCCC[Sn](CCCC)(CCCC)c1c(F)cccc1C(F)(F)F.Nc1ccc(I)cc1[N+](=O)[O-]
16,Nc1ccc(-c2c(F)cccc2C(F)(F)F)cc1[N+](=O)[O-],Fc1cccc(C(F)(F)F)c1Br.Nc1ccc(Br)cc1[N+](=O)[O-]
17,Nc1ccc(-c2c(F)cccc2C(F)(F)F)cc1[N+](=O)[O-],Fc1cccc(C(F)(F)F)c1Br.Nc1ccc(B(O)O)cc1[N+](=O)[O-]
18,Nc1ccc(-c2c(F)cccc2C(F)(F)F)cc1[N+](=O)[O-],CCCC[Sn](CCCC)(CCCC)c1c(F)cccc1C(F)(F)F.Nc1ccc(Br)cc1[N+](=O)[O-]
19,Nc1ccc(-c2c(F)cccc2C(F)(F)F)cc1[N+](=O)[O-],Fc1cccc(C(F)(F)F)c1Br.Nc1ccc(I)cc1[N+](=O)[O-]
20,Nc1ccc(-c2c(F)cccc2C(F)(F)F)cc1[N+](=O)[O-],N.O=[N+]([O-])c1cc(-c2c(F)cccc2C(F)(F)F)ccc1Cl
21,Nc1ccc(-c2c(F)cccc2C(F)(F)F)cc1[N+](=O)[O-],Fc1cccc(C(F)(F)F)c1I.Nc1ccc(B(O)O)cc1[N+](=O)[O-]
22,Nc1ccc(-c2c(F)cccc2C(F)(F)F)cc1[N+](=O)[O-],CC1(C)OB(c2c(F)cccc2C(F)(F)F)OC1(C)C.Nc1ccc(Cl)cc1[N+](=O)[O-]
23,Nc1ccc(-c2c(F)cccc2C(F)(F)F)cc1[N+](=O)[O-],CC1(C)COB(c2ccc(N)c([N+](=O)[O-])c2)OC1.Fc1cccc(C(F)(F)F)c1Br
24,Nc1ccc(-c2c(F)cccc2C(F)(F)F)cc1[N+](=O)[O-],Fc1cccc(C(F)(F)F)c1Br.Nc1ccc(Cl)cc1[N+](=O)[O-]
25,Nc1ccc(-c2c(F)cccc2C(F)(F)F)cc1[N+](=O)[O-],CC(C)(C)OC(=O)Nc1ccc(-c2c(F)cccc2C(F)(F)F)cc1[N+](=O)[O-]
26,Nc1ccc(-c2c(F)cccc2C(F)(F)F)cc1[N+](=O)[O-],Fc1cccc(C(F)(F)F)c1I.Nc1ccc(I)cc1[N+](=O)[O-]
27,Nc1ccc(-c2c(F)cccc2C(F)(F)F)cc1[N+](=O)[O-],NC(=O)c1ccc(-c2c(F)cccc2C(F)(F)F)cc1[N+](=O)[O-]
28,Nc1ccc(-c2c(F)cccc2C(F)(F)F)cc1[N+](=O)[O-],CC1(C)COB(c2c(F)cccc2C(F)(F)F)OC1.Nc1ccc(Br)cc1[N+](=O)[O-]
29,Nc1ccc(-c2c(F)cccc2C(F)(F)F)cc1[N+](=O)[O-],N.O=[N+]([O-])c1cc(-c2c(F)cccc2C(F)(F)F)ccc1Br
30,Nc1ccc(-c2c(F)cccc2C(F)(F)F)cc1[N+](=O)[O-],Fc1cccc(C(F)(F)F)c1[Mg+].Nc1ccc(Cl)cc1[N+](=O)[O-]
31,Nc1ccc(-c2c(F)cccc2C(F)(F)F)cc1[N+](=O)[O-],Fc1cccc(C(F)(F)F)c1Cl.Nc1ccc(Br)cc1[N+](=O)[O-]
32,Nc1ccc(-c2c(F)cccc2C(F)(F)F)cc1[N+](=O)[O-],C[Sn](C)(C)c1ccc(N)c([N+](=O)[O-])c1.Fc1cccc(C(F)(F)F)c1I
33,Nc1ccc(-c2c(F)cccc2C(F)(F)F)cc1[N+](=O)[O-],CCCC[Sn](CCCC)(CCCC)c1c(F)cccc1C(F)(F)F.Nc1ccc(Cl)cc1[N+](=O)[O-]
34,Nc1ccc(-c2c(F)cccc2C(F)(F)F)cc1[N+](=O)[O-],O=[N+]([O-])c1cc(-c2c(F)cccc2C(F)(F)F)ccc1Br.[NH4+]
35,Nc1ccc(-c2c(F)cccc2C(F)(F)F)cc1[N+](=O)[O-],C[Sn](C)(C)c1ccc(N)c([N+](=O)[O-])c1.Fc1cccc(C(F)(F)F)c1Br
36,Nc1ccc(-c2c(F)cccc2C(F)(F)F)cc1[N+](=O)[O-],O=C(Nc1ccc(-c2c(F)cccc2C(F)(F)F)cc1[N+](=O)[O-])C(F)(F)F
37,Nc1ccc(-c2c(F)cccc2C(F)(F)F)cc1[N+](=O)[O-],Fc1cccc(C(F)(F)F)c1[Zn+].Nc1ccc(I)cc1[N+](=O)[O-]
38,Nc1ccc(-c2c(F)cccc2C(F)(F)F)cc1[N+](=O)[O-],CC1(C)OB(c2ccc(N)c([N+](=O)[O-])c2)OC1(C)C.Fc1cccc(C(F)(F)F)c1Cl
39,Nc1ccc(-c2c(F)cccc2C(F)(F)F)cc1[N+](=O)[O-],N.O=[N+]([O-])c1cc(-c2c(F)cccc2C(F)(F)F)ccc1OS(=O)(=O)C(F)(F)F
40,Nc1ccc(-c2c(F)cccc2C(F)(F)F)cc1[N+](=O)[O-],CCCC[Sn](CCCC)(CCCC)c1c(F)cccc1C(F)(F)F.Nc1ccc(OS(=O)(=O)C(F)(F)F)cc1[N+](=O)[O-]
41,Nc1ccc(-c2c(F)cccc2C(F)(F)F)cc1[N+](=O)[O-],Fc1cccc(C(F)(F)F)c1I.Nc1ccc(I)cc1[N+](=O)[O-]
42,Nc1ccc(-c2c(F)cccc2C(F)(F)F)cc1[N+](=O)[O-],Fc1cccc(C(F)(F)F)c1B1OCCCO1.Nc1ccc(Br)cc1[N+](=O)[O-]
43,Nc1ccc(-c2c(F)cccc2C(F)(F)F)cc1[N+](=O)[O-],O=[N+]([O-])c1cc(-c2c(F)cccc2C(F)(F)F)ccc1Cl.[NH4+]
44,Nc1ccc(-c2c(F)cccc2C(F)(F)F)cc1[N+](=O)[O-],Fc1cccc(C(F)(F)F)c1[Zn+].Nc1ccc(Cl)cc1[N+](=O)[O-]
45,Nc1ccc(-c2c(F)cccc2C(F)(F)F)cc1[N+](=O)[O-],CCCC[Sn](CCCC)(CCCC)c1ccc(N)c([N+](=O)[O-])c1.Fc1cccc(C(F)(F)F)c1Br
46,Nc1ccc(-c2c(F)cccc2C(F)(F)F)cc1[N+](=O)[O-],Nc1ccc(Br)cc1[N+](=O)[O-].O=C([O-])C1C=COB(c2c(F)cccc2C(F)(F)F)O1
47,Nc1ccc(-c2c(F)cccc2C(F)(F)F)cc1[N+](=O)[O-],Fc1cccc(C(F)(F)F)c1[Mg+].Nc1ccc(Br)cc1[N+](=O)[O-]
48,Nc1ccc(-c2c(F)cccc2C(F)(F)F)cc1[N+](=O)[O-],C[Sn](C)(C)c1c(F)cccc1C(F)(F)F.Nc1ccc(I)cc1[N+](=O)[O-]
49,Nc1ccc(-c2c(F)cccc2C(F)(F)F)cc1[N+](=O)[O-],Nc1ccc(B(O)O)cc1[N+](=O)[O-].O=S(=O)(Oc1c(F)cccc1C(F)(F)F)C(F)(F)F
,,
3,CCNC(=O)Nc1cc(-c2nc(C(F)(F)F)cs2)c(-c2ccc3c(c2)c(=O)c(C(=O)OCC)cn3C(CC)CO)cn1,CCNC(=O)Nc1cc(-c2nc(C(F)(F)F)cs2)c(B2OC(C)(C)C(C)(C)O2)cn1.CCOC(=O)c1cn(C(CC)CO)c2ccc(I)cc2c1=O
0,CCNC(=O)Nc1cc(-c2nc(C(F)(F)F)cs2)c(-c2ccc3c(c2)c(=O)c(C(=O)OCC)cn3C(CC)CO)cn1,CCNC(=O)Nc1cc(-c2nc(C(F)(F)F)cs2)c(-c2ccc3c(c2)c(=O)c(C(=O)OCC)cn3C(CC)CO[Si](C)(C)C(C)(C)C)cn1
1,CCNC(=O)Nc1cc(-c2nc(C(F)(F)F)cs2)c(-c2ccc3c(c2)c(=O)c(C(=O)OCC)cn3C(CC)CO)cn1,CCN=C=O.CCOC(=O)c1cn(C(CC)CO)c2ccc(-c3cnc(N)cc3-c3nc(C(F)(F)F)cs3)cc2c1=O
2,CCNC(=O)Nc1cc(-c2nc(C(F)(F)F)cs2)c(-c2ccc3c(c2)c(=O)c(C(=O)OCC)cn3C(CC)CO)cn1,CCNC(=O)Nc1cc(-c2nc(C(F)(F)F)cs2)c(-c2ccc3c(c2)c(=O)c(C(=O)OCC)cn3C(CC)COC(C)=O)cn1
3,CCNC(=O)Nc1cc(-c2nc(C(F)(F)F)cs2)c(-c2ccc3c(c2)c(=O)c(C(=O)OCC)cn3C(CC)CO)cn1,CCNC(=O)Nc1cc(-c2nc(C(F)(F)F)cs2)c(Br)cn1.CCOC(=O)c1cn(C(CC)CO)c2ccc(B3OC(C)(C)C(C)(C)O3)cc2c1=O
4,CCNC(=O)Nc1cc(-c2nc(C(F)(F)F)cs2)c(-c2ccc3c(c2)c(=O)c(C(=O)OCC)cn3C(CC)CO)cn1,CCNC(=O)Nc1cc(-c2nc(C(F)(F)F)cs2)c(-c2ccc3c(c2)c(=O)c(C(=O)OCC)cn3C(CC)COCc2ccccc2)cn1
5,CCNC(=O)Nc1cc(-c2nc(C(F)(F)F)cs2)c(-c2ccc3c(c2)c(=O)c(C(=O)OCC)cn3C(CC)CO)cn1,CCNC(=O)Nc1cc(-c2nc(C(F)(F)F)cs2)c(-c2ccc3c(c2)c(=O)c(C(=O)OCC)cn3C(CC)COC2CCCCO2)cn1
6,CCNC(=O)Nc1cc(-c2nc(C(F)(F)F)cs2)c(-c2ccc3c(c2)c(=O)c(C(=O)OCC)cn3C(CC)CO)cn1,CCNC(=O)Nc1cc(-c2nc(C(F)(F)F)cs2)c(I)cn1.CCOC(=O)c1cn(C(CC)CO)c2ccc(B3OC(C)(C)C(C)(C)O3)cc2c1=O
7,CCNC(=O)Nc1cc(-c2nc(C(F)(F)F)cs2)c(-c2ccc3c(c2)c(=O)c(C(=O)OCC)cn3C(CC)CO)cn1,CCNC(=O)Nc1cc(-c2nc(C(F)(F)F)cs2)c(-c2ccc3c(c2)c(=O)c(C(=O)OCC)cn3C(CC)C(=O)OC)cn1
8,CCNC(=O)Nc1cc(-c2nc(C(F)(F)F)cs2)c(-c2ccc3c(c2)c(=O)c(C(=O)OCC)cn3C(CC)CO)cn1,CCNC(N)=O.CCOC(=O)c1cn(C(CC)CO)c2ccc(-c3cnc(Cl)cc3-c3nc(C(F)(F)F)cs3)cc2c1=O
9,CCNC(=O)Nc1cc(-c2nc(C(F)(F)F)cs2)c(-c2ccc3c(c2)c(=O)c(C(=O)OCC)cn3C(CC)CO)cn1,CCNC(=O)Nc1cc(-c2nc(C(F)(F)F)cs2)c(-c2ccc3c(c2)c(=O)c(C(=O)OCC)cn3C(CC)C(=O)OCC)cn1
10,CCNC(=O)Nc1cc(-c2nc(C(F)(F)F)cs2)c(-c2ccc3c(c2)c(=O)c(C(=O)OCC)cn3C(CC)CO)cn1,CCNC(=O)Nc1cc(-c2nc(C(F)(F)F)cs2)c(Br)cn1.CCOC(=O)c1cn(C(CC)CO)c2ccc(B(O)O)cc2c1=O
11,CCNC(=O)Nc1cc(-c2nc(C(F)(F)F)cs2)c(-c2ccc3c(c2)c(=O)c(C(=O)OCC)cn3C(CC)CO)cn1,CCNC(=O)Nc1cc(C(N)=S)c(-c2ccc3c(c2)c(=O)c(C(=O)OCC)cn3C(CC)CO)cn1.O=C(CBr)C(F)(F)F
12,CCNC(=O)Nc1cc(-c2nc(C(F)(F)F)cs2)c(-c2ccc3c(c2)c(=O)c(C(=O)OCC)cn3C(CC)CO)cn1,CCCC[Sn](CCCC)(CCCC)c1nc(C(F)(F)F)cs1.CCNC(=O)Nc1cc(I)c(-c2ccc3c(c2)c(=O)c(C(=O)OCC)cn3C(CC)CO)cn1
13,CCNC(=O)Nc1cc(-c2nc(C(F)(F)F)cs2)c(-c2ccc3c(c2)c(=O)c(C(=O)OCC)cn3C(CC)CO)cn1,CCNC(=O)Nc1cc(-c2nc(C(F)(F)F)cs2)c(B2OC(C)(C)C(C)(C)O2)cn1.CCOC(=O)c1cn(C(CC)CO)c2ccc(Br)cc2c1=O
14,CCNC(=O)Nc1cc(-c2nc(C(F)(F)F)cs2)c(-c2ccc3c(c2)c(=O)c(C(=O)OCC)cn3C(CC)CO)cn1,CCNC(=O)Nc1cc(-c2nc(C(F)(F)F)cs2)c(-c2ccc3c(c2)c(=O)c(C(=O)OCC)cn3C(CC)COC)cn1
15,CCNC(=O)Nc1cc(-c2nc(C(F)(F)F)cs2)c(-c2ccc3c(c2)c(=O)c(C(=O)OCC)cn3C(CC)CO)cn1,CCNC(=O)Nc1cc(C(N)=S)c(-c2ccc3c(c2)c(=O)c(C(=O)OCC)cn3C(CC)CO)cn1.O=C(CBr)C(F)(F)F
16,CCNC(=O)Nc1cc(-c2nc(C(F)(F)F)cs2)c(-c2ccc3c(c2)c(=O)c(C(=O)OCC)cn3C(CC)CO)cn1,CCNC(=O)Nc1cc(-c2nc(C(F)(F)F)cs2)c(-c2ccc3c(c2)c(=O)c(C(=O)OCC)cn3C(CC)C(=O)O)cn1
17,CCNC(=O)Nc1cc(-c2nc(C(F)(F)F)cs2)c(-c2ccc3c(c2)c(=O)c(C(=O)OCC)cn3C(CC)CO)cn1,CCNC(=O)Nc1cc(-c2nc(C(F)(F)F)cs2)c(-c2ccc3c(c2)c(=O)c(C(=O)OCC)cn3C(CC)CO[Si](C(C)C)(C(C)C)C(C)C)cn1
18,CCNC(=O)Nc1cc(-c2nc(C(F)(F)F)cs2)c(-c2ccc3c(c2)c(=O)c(C(=O)OCC)cn3C(CC)CO)cn1,CCNC(=O)Nc1cc(-c2nc(C(F)(F)F)cs2)c(I)cn1.CCOC(=O)c1cn(C(CC)CO)c2ccc([Sn](C)(C)C)cc2c1=O
19,CCNC(=O)Nc1cc(-c2nc(C(F)(F)F)cs2)c(-c2ccc3c(c2)c(=O)c(C(=O)OCC)cn3C(CC)CO)cn1,CCNC(=O)Nc1cc(-c2nc(C(F)(F)F)cs2)c(-c2ccc3c(c2)c(=O)c(C(=O)OCC)cn3C(CC)COCc2ccc(OC)cc2)cn1
20,CCNC(=O)Nc1cc(-c2nc(C(F)(F)F)cs2)c(-c2ccc3c(c2)c(=O)c(C(=O)OCC)cn3C(CC)CO)cn1,CCNC(=O)Nc1cc(C(N)=S)c(-c2ccc3c(c2)c(=O)c(C(=O)OCC)cn3C(CC)CO)cn1.O=C(CBr)C(F)(F)F
21,CCNC(=O)Nc1cc(-c2nc(C(F)(F)F)cs2)c(-c2ccc3c(c2)c(=O)c(C(=O)OCC)cn3C(CC)CO)cn1,CCC(Br)CO.CCNC(=O)Nc1cc(-c2nc(C(F)(F)F)cs2)c(-c2ccc3[nH]cc(C(=O)OCC)c(=O)c3c2)cn1
22,CCNC(=O)Nc1cc(-c2nc(C(F)(F)F)cs2)c(-c2ccc3c(c2)c(=O)c(C(=O)OCC)cn3C(CC)CO)cn1,CCNC(=O)Nc1cc(-c2nc(C(F)(F)F)cs2)c(-c2ccc3c(c2)c(=O)c(C(=O)OCC)cn3C(C=O)CC)cn1
23,CCNC(=O)Nc1cc(-c2nc(C(F)(F)F)cs2)c(-c2ccc3c(c2)c(=O)c(C(=O)OCC)cn3C(CC)CO)cn1,CCNC(=O)Nc1cc(-c2nc(C(F)(F)F)cs2)c(OS(=O)(=O)C(F)(F)F)cn1.CCOC(=O)c1cn(C(CC)CO)c2ccc(B(O)O)cc2c1=O
24,CCNC(=O)Nc1cc(-c2nc(C(F)(F)F)cs2)c(-c2ccc3c(c2)c(=O)c(C(=O)OCC)cn3C(CC)CO)cn1,CCNC(=O)Nc1cc(C(N)=S)c(-c2ccc3c(c2)c(=O)c(C(=O)OCC)cn3C(CC)CO)cn1.O=C(CBr)C(F)(F)F
25,CCNC(=O)Nc1cc(-c2nc(C(F)(F)F)cs2)c(-c2ccc3c(c2)c(=O)c(C(=O)OCC)cn3C(CC)CO)cn1,CCNC(=O)Nc1cc(-c2nc(C(F)(F)F)cs2)c(-c2ccc3c(c2)c(=O)c(C(=O)OCC)cn3C(CC)COCOC)cn1
26,CCNC(=O)Nc1cc(-c2nc(C(F)(F)F)cs2)c(-c2ccc3c(c2)c(=O)c(C(=O)OCC)cn3C(CC)CO)cn1,CCNC(=O)Nc1cc(B2OC(C)(C)C(C)(C)O2)c(-c2ccc3c(c2)c(=O)c(C(=O)OCC)cn3C(CC)CO)cn1.FC(F)(F)c1csc(Br)n1
27,CCNC(=O)Nc1cc(-c2nc(C(F)(F)F)cs2)c(-c2ccc3c(c2)c(=O)c(C(=O)OCC)cn3C(CC)CO)cn1,CCNC(=O)Nc1cc(-c2nc(C(F)(F)F)cs2)c(B(O)O)cn1.CCOC(=O)c1cn(C(CC)CO)c2ccc(OS(=O)(=O)C(F)(F)F)cc2c1=O
28,CCNC(=O)Nc1cc(-c2nc(C(F)(F)F)cs2)c(-c2ccc3c(c2)c(=O)c(C(=O)OCC)cn3C(CC)CO)cn1,CCNC(=O)Nc1cc(-c2nc(C(F)(F)F)cs2)c(-c2ccc3c(c2)c(=O)c(C(=O)O)cn3C(CC)CO)cn1.CCO
29,CCNC(=O)Nc1cc(-c2nc(C(F)(F)F)cs2)c(-c2ccc3c(c2)c(=O)c(C(=O)OCC)cn3C(CC)CO)cn1,CCNC(=O)Nc1cc(-c2nc(C(F)(F)F)cs2)c(I)cn1.CCOC(=O)c1cn(C(CC)CO)c2ccc(B(O)O)cc2c1=O
30,CCNC(=O)Nc1cc(-c2nc(C(F)(F)F)cs2)c(-c2ccc3c(c2)c(=O)c(C(=O)OCC)cn3C(CC)CO)cn1,CC1(C)OB(c2nc(C(F)(F)F)cs2)OC1(C)C.CCNC(=O)Nc1cc(Br)c(-c2ccc3c(c2)c(=O)c(C(=O)OCC)cn3C(CC)CO)cn1
31,CCNC(=O)Nc1cc(-c2nc(C(F)(F)F)cs2)c(-c2ccc3c(c2)c(=O)c(C(=O)OCC)cn3C(CC)CO)cn1,CCCC[Sn](CCCC)(CCCC)c1nc(C(F)(F)F)cs1.CCNC(=O)Nc1cc(Br)c(-c2ccc3c(c2)c(=O)c(C(=O)OCC)cn3C(CC)CO)cn1
32,CCNC(=O)Nc1cc(-c2nc(C(F)(F)F)cs2)c(-c2ccc3c(c2)c(=O)c(C(=O)OCC)cn3C(CC)CO)cn1,CCNC(=O)Nc1cc(-c2nc(C(F)(F)F)cs2)c(B(O)O)cn1.CCOC(=O)c1cn(C(CC)CO)c2ccc(Br)cc2c1=O
33,CCNC(=O)Nc1cc(-c2nc(C(F)(F)F)cs2)c(-c2ccc3c(c2)c(=O)c(C(=O)OCC)cn3C(CC)CO)cn1,CCNC(=O)Nc1cc(-c2nc(C(F)(F)F)cs2)c(Br)cn1.CCOC(=O)c1cn(C(CC)CO)c2ccc(B3OCC(C)(C)CO3)cc2c1=O
34,CCNC(=O)Nc1cc(-c2nc(C(F)(F)F)cs2)c(-c2ccc3c(c2)c(=O)c(C(=O)OCC)cn3C(CC)CO)cn1,CCNC(=O)Nc1cc(-c2nc(C(F)(F)F)cs2)c(-c2ccc3c(c2)c(=O)c(C(=O)OCC)cn3C(CC)COC(=O)c2ccccc2)cn1
35,CCNC(=O)Nc1cc(-c2nc(C(F)(F)F)cs2)c(-c2ccc3c(c2)c(=O)c(C(=O)OCC)cn3C(CC)CO)cn1,CCI.CCNC(=O)Nc1cc(-c2nc(C(F)(F)F)cs2)c(-c2ccc3c(c2)c(=O)c(C(=O)O)cn3C(CC)CO)cn1
36,CCNC(=O)Nc1cc(-c2nc(C(F)(F)F)cs2)c(-c2ccc3c(c2)c(=O)c(C(=O)OCC)cn3C(CC)CO)cn1,CCNC(N)=O.CCOC(=O)c1cn(C(CC)CO)c2ccc(-c3cnc(Br)cc3-c3nc(C(F)(F)F)cs3)cc2c1=O
37,CCNC(=O)Nc1cc(-c2nc(C(F)(F)F)cs2)c(-c2ccc3c(c2)c(=O)c(C(=O)OCC)cn3C(CC)CO)cn1,CCNC(N)=O.CCOC(=O)c1cn(C(CC)CO)c2ccc(-c3cnc(F)cc3-c3nc(C(F)(F)F)cs3)cc2c1=O
38,CCNC(=O)Nc1cc(-c2nc(C(F)(F)F)cs2)c(-c2ccc3c(c2)c(=O)c(C(=O)OCC)cn3C(CC)CO)cn1,CCNC(=O)Nc1cc(C(N)=S)c(-c2ccc3c(c2)c(=O)c(C(=O)OCC)cn3C(CC)CO)cn1.O=C(CCl)C(F)(F)F
39,CCNC(=O)Nc1cc(-c2nc(C(F)(F)F)cs2)c(-c2ccc3c(c2)c(=O)c(C(=O)OCC)cn3C(CC)CO)cn1,CCNC(=O)Nc1cc(-c2nc(C(F)(F)F)cs2)c(-c2ccc3c(c2)c(=O)c(C(=O)OCC)cn3C(C=O)CC)cn1
40,CCNC(=O)Nc1cc(-c2nc(C(F)(F)F)cs2)c(-c2ccc3c(c2)c(=O)c(C(=O)OCC)cn3C(CC)CO)cn1,CCNC(=O)Nc1cc(-c2nc(C(F)(F)F)cs2)c(B2OC(C)(C)C(C)(C)O2)cn1.CCOC(=O)c1cn(C(CC)CO)c2ccc(I)cc2c1=O
41,CCNC(=O)Nc1cc(-c2nc(C(F)(F)F)cs2)c(-c2ccc3c(c2)c(=O)c(C(=O)OCC)cn3C(CC)CO)cn1,CCNC(=O)Nc1cc(-c2nc(C(F)(F)F)cs2)c(OS(=O)(=O)C(F)(F)F)cn1.CCOC(=O)c1cn(C(CC)CO)c2ccc(B3OC(C)(C)C(C)(C)O3)cc2c1=O
42,CCNC(=O)Nc1cc(-c2nc(C(F)(F)F)cs2)c(-c2ccc3c(c2)c(=O)c(C(=O)OCC)cn3C(CC)CO)cn1,CCNC(=O)Nc1cc(-c2nc(C(F)(F)F)cs2)c(B2OC(C)(C)C(C)(C)O2)cn1.CCOC(=O)c1cn(C(CC)CO)c2ccc(OS(=O)(=O)C(F)(F)F)cc2c1=O
43,CCNC(=O)Nc1cc(-c2nc(C(F)(F)F)cs2)c(-c2ccc3c(c2)c(=O)c(C(=O)OCC)cn3C(CC)CO)cn1,C=C(CC)n1cc(C(=O)OCC)c(=O)c2cc(-c3cnc(NC(=O)NCC)cc3-c3nc(C(F)(F)F)cs3)ccc21.O
44,CCNC(=O)Nc1cc(-c2nc(C(F)(F)F)cs2)c(-c2ccc3c(c2)c(=O)c(C(=O)OCC)cn3C(CC)CO)cn1,CCNC(=O)Nc1cc(-c2nc(C(F)(F)F)cs2)c(Br)cn1.CCOC(=O)c1cn(C(CC)CO)c2ccc(Br)cc2c1=O
45,CCNC(=O)Nc1cc(-c2nc(C(F)(F)F)cs2)c(-c2ccc3c(c2)c(=O)c(C(=O)OCC)cn3C(CC)CO)cn1,CC1(C)OB(c2nc(C(F)(F)F)cs2)OC1(C)C.CCNC(=O)Nc1cc(I)c(-c2ccc3c(c2)c(=O)c(C(=O)OCC)cn3C(CC)CO)cn1
46,CCNC(=O)Nc1cc(-c2nc(C(F)(F)F)cs2)c(-c2ccc3c(c2)c(=O)c(C(=O)OCC)cn3C(CC)CO)cn1,CCC(I)CO.CCNC(=O)Nc1cc(-c2nc(C(F)(F)F)cs2)c(-c2ccc3[nH]cc(C(=O)OCC)c(=O)c3c2)cn1
47,CCNC(=O)Nc1cc(-c2nc(C(F)(F)F)cs2)c(-c2ccc3c(c2)c(=O)c(C(=O)OCC)cn3C(CC)CO)cn1,CCNC(=O)Nc1cc(Br)c(-c2ccc3c(c2)c(=O)c(C(=O)OCC)cn3C(CC)CO)cn1.OB(O)c1nc(C(F)(F)F)cs1
48,CCNC(=O)Nc1cc(-c2nc(C(F)(F)F)cs2)c(-c2ccc3c(c2)c(=O)c(C(=O)OCC)cn3C(CC)CO)cn1,CCNC(=O)Nc1cc(-c2nc(C(F)(F)F)cs2)c(-c2ccc(N(C=O)C(CC)CO)c(C(=O)CC(=O)OCC)c2)cn1
49,CCNC(=O)Nc1cc(-c2nc(C(F)(F)F)cs2)c(-c2ccc3c(c2)c(=O)c(C(=O)OCC)cn3C(CC)CO)cn1,CCNC(=O)Nc1cc(C(N)=S)c(-c2ccc3c(c2)c(=O)c(C(=O)OCC)cn3C(CC)CO)cn1.O=C(CCl)C(F)(F)F
,,
4,Nc1ncc(Br)cc1C(=O)c1ccccc1,CON(C)C(=O)c1cc(Br)cnc1N.[Mg+]c1ccccc1
0,Nc1ncc(Br)cc1C(=O)c1ccccc1,Nc1ccc(Br)cn1.O=C(Cl)c1ccccc1
1,Nc1ncc(Br)cc1C(=O)c1ccccc1,N.O=C(c1ccccc1)c1cc(Br)cnc1Cl
2,Nc1ncc(Br)cc1C(=O)c1ccccc1,Nc1ncc(Br)cc1C(O)c1ccccc1
3,Nc1ncc(Br)cc1C(=O)c1ccccc1,O=C(c1ccccc1)c1cc(Br)cnc1F.[NH4+]
4,Nc1ncc(Br)cc1C(=O)c1ccccc1,Nc1ncc(Br)cc1C(O)c1ccccc1
5,Nc1ncc(Br)cc1C(=O)c1ccccc1,N.O=C(c1ccccc1)c1cc(Br)cnc1Br
6,Nc1ncc(Br)cc1C(=O)c1ccccc1,N.O=C(c1ccccc1)c1cc(Br)cnc1F
7,Nc1ncc(Br)cc1C(=O)c1ccccc1,O=C(c1ccccc1)c1cc(Br)cnc1Cl.[NH4+]
8,Nc1ncc(Br)cc1C(=O)c1ccccc1,Nc1ncc(Br)cc1C1(c2ccccc2)OCCO1
9,Nc1ncc(Br)cc1C(=O)c1ccccc1,Nc1ncc(Br)cc1Br.O=C(Cl)c1ccccc1
10,Nc1ncc(Br)cc1C(=O)c1ccccc1,CON(C)C(=O)c1cc(Br)cnc1N.[Mg+]c1ccccc1
11,Nc1ncc(Br)cc1C(=O)c1ccccc1,NC(=O)c1ncc(Br)cc1C(=O)c1ccccc1
12,Nc1ncc(Br)cc1C(=O)c1ccccc1,Brc1ccccc1.CON(C)C(=O)c1cc(Br)cnc1N
13,Nc1ncc(Br)cc1C(=O)c1ccccc1,Nc1ncc(Br)cc1C1(c2ccccc2)OCCO1
14,Nc1ncc(Br)cc1C(=O)c1ccccc1,CC(=O)Nc1ncc(Br)cc1C(=O)c1ccccc1
15,Nc1ncc(Br)cc1C(=O)c1ccccc1,CON(C)C(=O)c1ccccc1.Nc1ncc(Br)cc1Br
16,Nc1ncc(Br)cc1C(=O)c1ccccc1,CC(=O)OC(=O)c1ccccc1.Nc1ccc(Br)cn1
17,Nc1ncc(Br)cc1C(=O)c1ccccc1,[N-]=[N+]=Nc1ncc(Br)cc1C(=O)c1ccccc1
18,Nc1ncc(Br)cc1C(=O)c1ccccc1,Nc1ncc(Br)cc1C(=O)Cl.c1ccccc1
19,Nc1ncc(Br)cc1C(=O)c1ccccc1,CC(C)(C)OC(=O)Nc1ncc(Br)cc1C(=O)c1ccccc1
20,Nc1ncc(Br)cc1C(=O)c1ccccc1,CON(C)C(=O)c1ccccc1.Nc1ncc(Br)cc1I
21,Nc1ncc(Br)cc1C(=O)c1ccccc1,O=C(Nc1ncc(Br)cc1C(=O)c1ccccc1)c1ccccc1
22,Nc1ncc(Br)cc1C(=O)c1ccccc1,N.O=C(c1ccccc1)c1cc(Br)cnc1OS(=O)(=O)C(F)(F)F
23,Nc1ncc(Br)cc1C(=O)c1ccccc1,Nc1nc(Cl)c(Br)cc1C(=O)c1ccccc1
24,Nc1ncc(Br)cc1C(=O)c1ccccc1,CON(C)C(=O)c1ccccc1.Nc1ncc(Br)cc1[Mg+]
25,Nc1ncc(Br)cc1C(=O)c1ccccc1,N.O=C(c1ccccc1)c1cc(Br)cnc1O
26,Nc1ncc(Br)cc1C(=O)c1ccccc1,O=C(c1ccccc1)c1cc(Br)cnc1NCc1ccccc1
27,Nc1ncc(Br)cc1C(=O)c1ccccc1,O=C(c1ccccc1)c1cc(Br)cnc1NC(=O)C(F)(F)F
28,Nc1ncc(Br)cc1C(=O)c1ccccc1,Brc1ccccc1.Nc1ncc(Br)cc1C(=O)Cl
29,Nc1ncc(Br)cc1C(=O)c1ccccc1,Nc1ccc(Br)cn1.O=C(Br)c1ccccc1
30,Nc1ncc(Br)cc1C(=O)c1ccccc1,Nc1ncc(Br)cc1[C@H](O)c1ccccc1
31,Nc1ncc(Br)cc1C(=O)c1ccccc1,Nc1ncc(Br)c(Cl)c1C(=O)c1ccccc1
32,Nc1ncc(Br)cc1C(=O)c1ccccc1,O=C(c1ccccc1)c1cc(Br)cnc1N1C(=O)c2ccccc2C1=O
33,Nc1ncc(Br)cc1C(=O)c1ccccc1,Nc1ncc(Br)cc1[C@@H](O)c1ccccc1
34,Nc1ncc(Br)cc1C(=O)c1ccccc1,O=C(c1ccccc1)c1cc(Br)cnc1Br.[NH4+]
35,Nc1ncc(Br)cc1C(=O)c1ccccc1,CON(C)C(=O)c1cc(Br)cnc1N.Ic1ccccc1
36,Nc1ncc(Br)cc1C(=O)c1ccccc1,COC(OC)(c1ccccc1)c1cc(Br)cnc1N
37,Nc1ncc(Br)cc1C(=O)c1ccccc1,O=C(c1ccccc1)c1cc(Br)cnc1[N+](=O)[O-]
38,Nc1ncc(Br)cc1C(=O)c1ccccc1,C[Sn](C)(C)c1cc(Br)cnc1N.O=C(Cl)c1ccccc1
39,Nc1ncc(Br)cc1C(=O)c1ccccc1,N.O=C(c1ccccc1)c1cc(Br)cnc1I
40,Nc1ncc(Br)cc1C(=O)c1ccccc1,CCCC[Sn](CCCC)(CCCC)C(=O)c1ccccc1.Nc1ncc(Br)cc1Br
41,Nc1ncc(Br)cc1C(=O)c1ccccc1,Nc1ncc(Br)cc1[C@H](O)c1ccccc1
42,Nc1ncc(Br)cc1C(=O)c1ccccc1,Nc1nc(Br)c(Br)cc1C(=O)c1ccccc1
43,Nc1ncc(Br)cc1C(=O)c1ccccc1,Nc1ncc(Br)cc1I.O=C(Cl)c1ccccc1
44,Nc1ncc(Br)cc1C(=O)c1ccccc1,Nc1ncc(Br)cc1[C@@H](O)c1ccccc1
45,Nc1ncc(Br)cc1C(=O)c1ccccc1,Nc1ncc(Br)cc1C(=O)Br.c1ccccc1
46,Nc1ncc(Br)cc1C(=O)c1ccccc1,Nc1ncc(Br)cc1C(=O)c1ccccc1Cl
47,Nc1ncc(Br)cc1C(=O)c1ccccc1,CN(C)C(=O)c1ccccc1.Nc1ncc(Br)cc1Br
48,Nc1ncc(Br)cc1C(=O)c1ccccc1,Nc1ncc(Br)cc1[Zn+].O=C(Cl)c1ccccc1
49,Nc1ncc(Br)cc1C(=O)c1ccccc1,CC1(C)OB(C(=O)c2ccccc2)OC1(C)C.Nc1ncc(Br)cc1Br
,,
5,COCCn1cc(-c2cccc(CCOCCC(=O)OC(C)(C)C)c2)cn1,CC(C)(C)OC(=O)CCOCCc1cccc(Br)c1.COCCn1cc(B2OC(C)(C)C(C)(C)O2)cn1
0,COCCn1cc(-c2cccc(CCOCCC(=O)OC(C)(C)C)c2)cn1,CC(C)(C)OC(=O)CCOCCc1cccc(Br)c1.COCCn1cc(B2OC(C)(C)C(C)(C)O2)cn1
1,COCCn1cc(-c2cccc(CCOCCC(=O)OC(C)(C)C)c2)cn1,C=CC(=O)OC(C)(C)C.COCCn1cc(-c2cccc(CCO)c2)cn1
2,COCCn1cc(-c2cccc(CCOCCC(=O)OC(C)(C)C)c2)cn1,CC(C)(C)OC(=O)CCOCCc1cccc(B2OC(C)(C)C(C)(C)O2)c1.COCCn1cc(Br)cn1
3,COCCn1cc(-c2cccc(CCOCCC(=O)OC(C)(C)C)c2)cn1,CC(C)(C)OC(=O)CCOCCc1cccc(-c2cn[nH]c2)c1.COCCBr
4,COCCn1cc(-c2cccc(CCOCCC(=O)OC(C)(C)C)c2)cn1,CC(C)(C)OC(=O)CCBr.COCCn1cc(-c2cccc(CCO)c2)cn1
5,COCCn1cc(-c2cccc(CCOCCC(=O)OC(C)(C)C)c2)cn1,CC(C)(C)OC(=O)CCI.COCCn1cc(-c2cccc(CCO)c2)cn1
6,COCCn1cc(-c2cccc(CCOCCC(=O)OC(C)(C)C)c2)cn1,CC(C)(C)OC(=O)CCOCCc1cccc(Br)c1.COCCn1cc(B(O)O)cn1
7,COCCn1cc(-c2cccc(CCOCCC(=O)OC(C)(C)C)c2)cn1,CC(C)(C)OC(=O)CCOCCc1cccc(B(O)O)c1.COCCn1cc(Br)cn1
8,COCCn1cc(-c2cccc(CCOCCC(=O)OC(C)(C)C)c2)cn1,CC(C)(C)OC(=O)CCOCCc1cccc(-c2cn[nH]c2)c1.COCCOS(C)(=O)=O
9,COCCn1cc(-c2cccc(CCOCCC(=O)OC(C)(C)C)c2)cn1,CC(C)(C)OC(=O)CCOCCc1cccc(-c2cn[nH]c2)c1.COCCCl
10,COCCn1cc(-c2cccc(CCOCCC(=O)OC(C)(C)C)c2)cn1,CC(C)(C)OC(=O)CCOCCc1cccc(-c2cnn(CCO)c2)c1.CI
11,COCCn1cc(-c2cccc(CCOCCC(=O)OC(C)(C)C)c2)cn1,CC(C)(C)OC(=O)CCOCCc1cccc(I)c1.COCCn1cc(B2OC(C)(C)C(C)(C)O2)cn1
12,COCCn1cc(-c2cccc(CCOCCC(=O)OC(C)(C)C)c2)cn1,CC(C)(C)OC(=O)CCO.COCCn1cc(-c2cccc(CCO)c2)cn1
13,COCCn1cc(-c2cccc(CCOCCC(=O)OC(C)(C)C)c2)cn1,CC(C)(C)OC(=O)CCOCCc1cccc(B2OC(C)(C)C(C)(C)O2)c1.COCCn1cc(I)cn1
14,COCCn1cc(-c2cccc(CCOCCC(=O)OC(C)(C)C)c2)cn1,COCCn1cc(-c2cccc(CCOC=CC(=O)OC(C)(C)C)c2)cn1
15,COCCn1cc(-c2cccc(CCOCCC(=O)OC(C)(C)C)c2)cn1,CC(C)(C)OC(=O)CCOS(C)(=O)=O.COCCn1cc(-c2cccc(CCO)c2)cn1
16,COCCn1cc(-c2cccc(CCOCCC(=O)OC(C)(C)C)c2)cn1,CC(C)(C)OC(=O)CCCl.COCCn1cc(-c2cccc(CCO)c2)cn1
17,COCCn1cc(-c2cccc(CCOCCC(=O)OC(C)(C)C)c2)cn1,COCCn1cc(-c2cccc(CCOC=CC(=O)OC(C)(C)C)c2)cn1
18,COCCn1cc(-c2cccc(CCOCCC(=O)OC(C)(C)C)c2)cn1,C=Cc1cccc(-c2cnn(CCOC)c2)c1.CC(C)(C)OC(=O)CCO
19,COCCn1cc(-c2cccc(CCOCCC(=O)OC(C)(C)C)c2)cn1,CC(C)(C)OC(=O)CCO.COCCn1cc(-c2cccc(CCBr)c2)cn1
20,COCCn1cc(-c2cccc(CCOCCC(=O)OC(C)(C)C)c2)cn1,COCCn1cc(-c2cccc(C=COCCC(=O)OC(C)(C)C)c2)cn1
21,COCCn1cc(-c2cccc(CCOCCC(=O)OC(C)(C)C)c2)cn1,CC(C)(C)OC(=O)CCOCCc1cccc(B(O)O)c1.COCCn1cc(I)cn1
22,COCCn1cc(-c2cccc(CCOCCC(=O)OC(C)(C)C)c2)cn1,CC(C)(C)OC(=O)CCOCCc1cccc(Br)c1.COCCn1cc(Br)cn1
23,COCCn1cc(-c2cccc(CCOCCC(=O)OC(C)(C)C)c2)cn1,CC(C)(C)OC(=O)CCO.COCCn1cc(-c2cccc(CCO)c2)cn1
24,COCCn1cc(-c2cccc(CCOCCC(=O)OC(C)(C)C)c2)cn1,CC(C)(C)OC(=O)CCOCCc1cccc(Br)c1.CCCC[Sn](CCCC)(CCCC)c1cnn(CCOC)c1
25,COCCn1cc(-c2cccc(CCOCCC(=O)OC(C)(C)C)c2)cn1,CC(C)(C)OC(=O)CCO.COCCn1cc(-c2cccc(CCOS(C)(=O)=O)c2)cn1
26,COCCn1cc(-c2cccc(CCOCCC(=O)OC(C)(C)C)c2)cn1,CC(C)(C)OC(=O)CCOCCc1cccc(I)c1.COCCn1cc(B(O)O)cn1
27,COCCn1cc(-c2cccc(CCOCCC(=O)OC(C)(C)C)c2)cn1,CC(C)(C)OC(=O)CCOCCc1cccc(Cl)c1.COCCn1cc(B2OC(C)(C)C(C)(C)O2)cn1
28,COCCn1cc(-c2cccc(CCOCCC(=O)OC(C)(C)C)c2)cn1,CC(C)(C)OC(=O)CCO.COCCn1cc(-c2cccc(CCI)c2)cn1
29,COCCn1cc(-c2cccc(CCOCCC(=O)OC(C)(C)C)c2)cn1,CC(C)(C)OC(=O)CCOCCc1cccc(OS(=O)(=O)C(F)(F)F)c1.COCCn1cc(B(O)O)cn1
30,COCCn1cc(-c2cccc(CCOCCC(=O)OC(C)(C)C)c2)cn1,COCCn1cc(-c2cccc(C#COCCC(=O)OC(C)(C)C)c2)cn1
31,COCCn1cc(-c2cccc(CCOCCC(=O)OC(C)(C)C)c2)cn1,CC(C)(C)OC(=O)CCO.COCCn1cc(-c2cccc(CCCl)c2)cn1
32,COCCn1cc(-c2cccc(CCOCCC(=O)OC(C)(C)C)c2)cn1,CC(C)(C)OC(=O)CCOCCc1cccc(-c2cn[nH]c2)c1.COCCI
33,COCCn1cc(-c2cccc(CCOCCC(=O)OC(C)(C)C)c2)cn1,CC1(C)COB(c2cccc(CCOCCC(=O)OC(C)(C)C)c2)OC1.COCCn1cc(Br)cn1
34,COCCn1cc(-c2cccc(CCOCCC(=O)OC(C)(C)C)c2)cn1,COCCn1cc(-c2cccc(C=COCCC(=O)OC(C)(C)C)c2)cn1
35,COCCn1cc(-c2cccc(CCOCCC(=O)OC(C)(C)C)c2)cn1,CC(C)(C)OC(=O)CCOCCc1cccc(B(O)O)c1.COCCn1cc(OS(=O)(=O)C(F)(F)F)cn1
36,COCCn1cc(-c2cccc(CCOCCC(=O)OC(C)(C)C)c2)cn1,CC(C)(C)OC(=O)CCOCCc1cccc(OS(=O)(=O)C(F)(F)F)c1.COCCn1cc(B2OC(C)(C)C(C)(C)O2)cn1
37,COCCn1cc(-c2cccc(CCOCCC(=O)OC(C)(C)C)c2)cn1,CC(C)(C)OC(=O)CCOCCc1cccc(B2OC(C)(C)C(C)(C)O2)c1.COCCn1cc(OS(=O)(=O)C(F)(F)F)cn1
38,COCCn1cc(-c2cccc(CCOCCC(=O)OC(C)(C)C)c2)cn1,COCCn1cc(-c2cccc(CCOCCC(=O)OC(C)(C)C)c2)c(Br)n1
39,COCCn1cc(-c2cccc(CCOCCC(=O)OC(C)(C)C)c2)cn1,COCCn1ncc(-c2cccc(CCOCCC(=O)OC(C)(C)C)c2)c1Br
40,COCCn1cc(-c2cccc(CCOCCC(=O)OC(C)(C)C)c2)cn1,CC(C)(C)OC(=O)CCOCCc1cccc(-c2cn[nH]c2)c1.COCCO
41,COCCn1cc(-c2cccc(CCOCCC(=O)OC(C)(C)C)c2)cn1,CC(C)(C)O.COCCn1cc(-c2cccc(CCOCCC(=O)Cl)c2)cn1
42,COCCn1cc(-c2cccc(CCOCCC(=O)OC(C)(C)C)c2)cn1,CC(C)(C)OC(=O)CCOCC[Zn+].COCCn1cc(-c2cccc(Br)c2)cn1
43,COCCn1cc(-c2cccc(CCOCCC(=O)OC(C)(C)C)c2)cn1,CC(C)(C)O.COCCn1cc(-c2cccc(CCOCCC(=O)O)c2)cn1
44,COCCn1cc(-c2cccc(CCOCCC(=O)OC(C)(C)C)c2)cn1,C=C(C)C.COCCn1cc(-c2cccc(CCOCCC(=O)O)c2)cn1
45,COCCn1cc(-c2cccc(CCOCCC(=O)OC(C)(C)C)c2)cn1,CC(C)(C)OC(=O)CCOCCc1cccc(Br)c1.COCCn1cc(Br)cn1
46,COCCn1cc(-c2cccc(CCOCCC(=O)OC(C)(C)C)c2)cn1,COCCn1cc(-c2cc(Cl)cc(CCOCCC(=O)OC(C)(C)C)c2)cn1
47,COCCn1cc(-c2cccc(CCOCCC(=O)OC(C)(C)C)c2)cn1,CC(C)(C)OC(=O)CCBr.COCCn1cc(-c2cccc(CC[O-])c2)cn1
48,COCCn1cc(-c2cccc(CCOCCC(=O)OC(C)(C)C)c2)cn1,CC(C)(C)OC(=O)CCOCCc1cccc([Sn](C)(C)C)c1.COCCn1cc(I)cn1
49,COCCn1cc(-c2cccc(CCOCCC(=O)OC(C)(C)C)c2)cn1,COCCn1ncc(-c2cccc(CCOCCC(=O)OC(C)(C)C)c2)c1Cl
,,
6,CCOC(=O)CC(=O)CC(O)C=CC(=C(c1ccc(F)cc1)c1ccc(F)cc1)c1nnnn1CC,CCOC(=O)CC(C)=O.CCn1nnnc1C(C=CC=O)=C(c1ccc(F)cc1)c1ccc(F)cc1
0,CCOC(=O)CC(=O)CC(O)C=CC(=C(c1ccc(F)cc1)c1ccc(F)cc1)c1nnnn1CC,CCOC(=O)CC(=O)CC(=O)C=CC(=C(c1ccc(F)cc1)c1ccc(F)cc1)c1nnnn1CC
1,CCOC(=O)CC(=O)CC(O)C=CC(=C(c1ccc(F)cc1)c1ccc(F)cc1)c1nnnn1CC,CCOC(=O)CC(=O)CC(=O)C=CC(=C(c1ccc(F)cc1)c1ccc(F)cc1)c1nnnn1CC
2,CCOC(=O)CC(=O)CC(O)C=CC(=C(c1ccc(F)cc1)c1ccc(F)cc1)c1nnnn1CC,CCOC(=O)CC(C)=O.CCn1nnnc1C(C=CC=O)=C(c1ccc(F)cc1)c1ccc(F)cc1
3,CCOC(=O)CC(=O)CC(O)C=CC(=C(c1ccc(F)cc1)c1ccc(F)cc1)c1nnnn1CC,CCOC(=O)CC(=O)CC(C=CC(=C(c1ccc(F)cc1)c1ccc(F)cc1)c1nnnn1CC)OC(C)=O
4,CCOC(=O)CC(=O)CC(O)C=CC(=C(c1ccc(F)cc1)c1ccc(F)cc1)c1nnnn1CC,CCOC(=O)CC(=O)CC(C=CC(=C(c1ccc(F)cc1)c1ccc(F)cc1)c1nnnn1CC)O[Si](C)(C)C(C)(C)C
5,CCOC(=O)CC(=O)CC(O)C=CC(=C(c1ccc(F)cc1)c1ccc(F)cc1)c1nnnn1CC,CCOC(=O)CC(=O)CC(C=CC(=C(c1ccc(F)cc1)c1ccc(F)cc1)c1nnnn1CC)OC1CCCCO1
6,CCOC(=O)CC(=O)CC(O)C=CC(=C(c1ccc(F)cc1)c1ccc(F)cc1)c1nnnn1CC,CCOC(=O)CC(=O)CC(O)C=CC=C(c1ccc(F)cc1)c1ccc(F)cc1.CCn1nnnc1I
7,CCOC(=O)CC(=O)CC(O)C=CC(=C(c1ccc(F)cc1)c1ccc(F)cc1)c1nnnn1CC,CCOC(=O)CC1(CC(O)C=CC(=C(c2ccc(F)cc2)c2ccc(F)cc2)c2nnnn2CC)OCCO1
8,CCOC(=O)CC(=O)CC(O)C=CC(=C(c1ccc(F)cc1)c1ccc(F)cc1)c1nnnn1CC,CCO.CCn1nnnc1C(C=CC(O)CC(=O)CC(=O)O)=C(c1ccc(F)cc1)c1ccc(F)cc1
9,CCOC(=O)CC(=O)CC(O)C=CC(=C(c1ccc(F)cc1)c1ccc(F)cc1)c1nnnn1CC,CCOC(=O)CC(=O)CC(C=CC(=C(c1ccc(F)cc1)c1ccc(F)cc1)c1nnnn1CC)O[Si](C)(C)C
10,CCOC(=O)CC(=O)CC(O)C=CC(=C(c1ccc(F)cc1)c1ccc(F)cc1)c1nnnn1CC,CCI.CCOC(=O)CC(=O)CC(O)C=CC(=C(c1ccc(F)cc1)c1ccc(F)cc1)c1nnn[nH]1
11,CCOC(=O)CC(=O)CC(O)C=CC(=C(c1ccc(F)cc1)c1ccc(F)cc1)c1nnnn1CC,CCOC(=O)CC(=O)CBr.CCn1nnnc1C(C=CC=O)=C(c1ccc(F)cc1)c1ccc(F)cc1
12,CCOC(=O)CC(=O)CC(O)C=CC(=C(c1ccc(F)cc1)c1ccc(F)cc1)c1nnnn1CC,CCOC(=O)CC(=O)C=CC=CC(=C(c1ccc(F)cc1)c1ccc(F)cc1)c1nnnn1CC.O
13,CCOC(=O)CC(=O)CC(O)C=CC(=C(c1ccc(F)cc1)c1ccc(F)cc1)c1nnnn1CC,CCOC(=O)CC1(CC(O)C=CC(=C(c2ccc(F)cc2)c2ccc(F)cc2)c2nnnn2CC)OCCO1
14,CCOC(=O)CC(=O)CC(O)C=CC(=C(c1ccc(F)cc1)c1ccc(F)cc1)c1nnnn1CC,CCOC(=O)C(C(=O)CC(O)C=CC(=C(c1ccc(F)cc1)c1ccc(F)cc1)c1nnnn1CC)C(=O)OC(C)(C)C
15,CCOC(=O)CC(=O)CC(O)C=CC(=C(c1ccc(F)cc1)c1ccc(F)cc1)c1nnnn1CC,CCOC(=O)CC(=O)CC(O)C=CC=C(c1ccc(F)cc1)c1ccc(F)cc1.CCn1nnnc1Br
16,CCOC(=O)CC(=O)CC(O)C=CC(=C(c1ccc(F)cc1)c1ccc(F)cc1)c1nnnn1CC,CCI.CCn1nnnc1C(C=CC(O)CC(=O)CC(=O)O)=C(c1ccc(F)cc1)c1ccc(F)cc1
17,CCOC(=O)CC(=O)CC(O)C=CC(=C(c1ccc(F)cc1)c1ccc(F)cc1)c1nnnn1CC,CCOC(=O)CC(=O)CC(O)C=CC=C(c1ccc(F)cc1)c1ccc(F)cc1.CCn1nnnc1Cl
18,CCOC(=O)CC(=O)CC(O)C=CC(=C(c1ccc(F)cc1)c1ccc(F)cc1)c1nnnn1CC,CCOC(=O)CC(O)CC(O)C=CC(=C(c1ccc(F)cc1)c1ccc(F)cc1)c1nnnn1CC
19,CCOC(=O)CC(=O)CC(O)C=CC(=C(c1ccc(F)cc1)c1ccc(F)cc1)c1nnnn1CC,C=CC(=C(c1ccc(F)cc1)c1ccc(F)cc1)c1nnnn1CC.CCOC(=O)CC(=O)CC=O
20,CCOC(=O)CC(=O)CC(O)C=CC(=C(c1ccc(F)cc1)c1ccc(F)cc1)c1nnnn1CC,CCOC(=O)CC(=O)CC(C=CC(=C(c1ccc(F)cc1)c1ccc(F)cc1)c1nnnn1CC)OCOC
21,CCOC(=O)CC(=O)CC(O)C=CC(=C(c1ccc(F)cc1)c1ccc(F)cc1)c1nnnn1CC,CCOC(=O)C(C(=O)CC(O)C=CC(=C(c1ccc(F)cc1)c1ccc(F)cc1)c1nnnn1CC)C(=O)OCC
22,CCOC(=O)CC(=O)CC(O)C=CC(=C(c1ccc(F)cc1)c1ccc(F)cc1)c1nnnn1CC,CCOC(=O)CC(=O)CC(C=CC(=C(c1ccc(F)cc1)c1ccc(F)cc1)c1nnnn1CC)OCc1ccccc1
23,CCOC(=O)CC(=O)CC(O)C=CC(=C(c1ccc(F)cc1)c1ccc(F)cc1)c1nnnn1CC,CCOC(=O)CC(=O)CC=O.CCn1nnnc1C(C=CBr)=C(c1ccc(F)cc1)c1ccc(F)cc1
24,CCOC(=O)CC(=O)CC(O)C=CC(=C(c1ccc(F)cc1)c1ccc(F)cc1)c1nnnn1CC,CCOC(=O)CC(=O)CC(C=CC(=C(c1ccc(F)cc1)c1ccc(F)cc1)c1nnnn1CC)O[Si](CC)(CC)CC
25,CCOC(=O)CC(=O)CC(O)C=CC(=C(c1ccc(F)cc1)c1ccc(F)cc1)c1nnnn1CC,CCOC(=O)CC(CC(O)C=CC(=C(c1ccc(F)cc1)c1ccc(F)cc1)c1nnnn1CC)(OC)OC
26,CCOC(=O)CC(=O)CC(O)C=CC(=C(c1ccc(F)cc1)c1ccc(F)cc1)c1nnnn1CC,CCOC(=O)CC(=O)CC(O)C=CCc1nnnn1CC.O=C(c1ccc(F)cc1)c1ccc(F)cc1
27,CCOC(=O)CC(=O)CC(O)C=CC(=C(c1ccc(F)cc1)c1ccc(F)cc1)c1nnnn1CC,CCOC(=O)CC(=O)CC(C=CC(=C(c1ccc(F)cc1)c1ccc(F)cc1)c1nnnn1CC)OC(=O)c1ccc([N+](=O)[O-])cc1
28,CCOC(=O)CC(=O)CC(O)C=CC(=C(c1ccc(F)cc1)c1ccc(F)cc1)c1nnnn1CC,CCOC(=O)CC(=O)CC(O)C=CC(=O)c1nnnn1CC.O=C(c1ccc(F)cc1)c1ccc(F)cc1
29,CCOC(=O)CC(=O)CC(O)C=CC(=C(c1ccc(F)cc1)c1ccc(F)cc1)c1nnnn1CC,CCOC(=O)CC(=O)CC(C=CC(=C(c1ccc(F)cc1)c1ccc(F)cc1)c1nnnn1CC)OC(=O)c1ccccc1
30,CCOC(=O)CC(=O)CC(O)C=CC(=C(c1ccc(F)cc1)c1ccc(F)cc1)c1nnnn1CC,CCOC(=O)CC(=O)CC(C=CC(=C(c1ccc(F)cc1)c1ccc(F)cc1)c1nnnn1CC)OCc1ccc(OC)cc1
31,CCOC(=O)CC(=O)CC(O)C=CC(=C(c1ccc(F)cc1)c1ccc(F)cc1)c1nnnn1CC,CCBr.CCOC(=O)CC(=O)CC(O)C=CC(=C(c1ccc(F)cc1)c1ccc(F)cc1)c1nnn[nH]1
32,CCOC(=O)CC(=O)CC(O)C=CC(=C(c1ccc(F)cc1)c1ccc(F)cc1)c1nnnn1CC,CCOC(=O)CC(=O)CCl.CCn1nnnc1C(C=CC=O)=C(c1ccc(F)cc1)c1ccc(F)cc1
33,CCOC(=O)CC(=O)CC(O)C=CC(=C(c1ccc(F)cc1)c1ccc(F)cc1)c1nnnn1CC,CCOC(=O)C(C(=O)CC(O)C=CC(=C(c1ccc(F)cc1)c1ccc(F)cc1)c1nnnn1CC)C(=O)OC
34,CCOC(=O)CC(=O)CC(O)C=CC(=C(c1ccc(F)cc1)c1ccc(F)cc1)c1nnnn1CC,CCOC(=O)CC(=O)C(C(=O)OC)C(O)C=CC(=C(c1ccc(F)cc1)c1ccc(F)cc1)c1nnnn1CC
35,CCOC(=O)CC(=O)CC(O)C=CC(=C(c1ccc(F)cc1)c1ccc(F)cc1)c1nnnn1CC,CCOC(=O)CC(=O)CC=O.CCn1nnnc1C(C=C[Mg+])=C(c1ccc(F)cc1)c1ccc(F)cc1
36,CCOC(=O)CC(=O)CC(O)C=CC(=C(c1ccc(F)cc1)c1ccc(F)cc1)c1nnnn1CC,CCOC(=O)CC(=O)C[Mg+].CCn1nnnc1C(C=CC=O)=C(c1ccc(F)cc1)c1ccc(F)cc1
37,CCOC(=O)CC(=O)CC(O)C=CC(=C(c1ccc(F)cc1)c1ccc(F)cc1)c1nnnn1CC,CCOC(=O)CC(=O)CC(C=CC(=C(c1ccc(F)cc1)c1ccc(F)cc1)c1nnnn1CC)O[Si](C(C)C)(C(C)C)C(C)C
38,CCOC(=O)CC(=O)CC(O)C=CC(=C(c1ccc(F)cc1)c1ccc(F)cc1)c1nnnn1CC,CCOC(=O)CC(=O)C=C(O)C=CC(=C(c1ccc(F)cc1)c1ccc(F)cc1)c1nnnn1CC
39,CCOC(=O)CC(=O)CC(O)C=CC(=C(c1ccc(F)cc1)c1ccc(F)cc1)c1nnnn1CC,CCOC(=O)CC(=O)C(C(=O)OC(C)(C)C)C(O)C=CC(=C(c1ccc(F)cc1)c1ccc(F)cc1)c1nnnn1CC
40,CCOC(=O)CC(=O)CC(O)C=CC(=C(c1ccc(F)cc1)c1ccc(F)cc1)c1nnnn1CC,CCOC(=O)CC(=O)CC(C=CC(=C(c1ccc(F)cc1)c1ccc(F)cc1)c1nnnn1CC)OC
41,CCOC(=O)CC(=O)CC(O)C=CC(=C(c1ccc(F)cc1)c1ccc(F)cc1)c1nnnn1CC,CCCl.CCOC(=O)CC(=O)CC(O)C=CC(=C(c1ccc(F)cc1)c1ccc(F)cc1)c1nnn[nH]1
42,CCOC(=O)CC(=O)CC(O)C=CC(=C(c1ccc(F)cc1)c1ccc(F)cc1)c1nnnn1CC,CC=[N+]=[N-].CCn1nnnc1C(C=CC(O)CC(=O)CC(=O)O)=C(c1ccc(F)cc1)c1ccc(F)cc1
43,CCOC(=O)CC(=O)CC(O)C=CC(=C(c1ccc(F)cc1)c1ccc(F)cc1)c1nnnn1CC,CCOC(=O)C[C@H](O)CC(O)C=CC(=C(c1ccc(F)cc1)c1ccc(F)cc1)c1nnnn1CC
44,CCOC(=O)CC(=O)CC(O)C=CC(=C(c1ccc(F)cc1)c1ccc(F)cc1)c1nnnn1CC,CCBr.CCn1nnnc1C(C=CC(O)CC(=O)CC(=O)O)=C(c1ccc(F)cc1)c1ccc(F)cc1
45,CCOC(=O)CC(=O)CC(O)C=CC(=C(c1ccc(F)cc1)c1ccc(F)cc1)c1nnnn1CC,CCOC(=O)CC(=O)CC(O)C=CC(=C(c1ccc(F)cc1)c1ccc(F)c(Cl)c1)c1nnnn1CC
46,CCOC(=O)CC(=O)CC(O)C=CC(=C(c1ccc(F)cc1)c1ccc(F)cc1)c1nnnn1CC,CCCCCCCCCCCCCCCC(=O)OC(C=CC(=C(c1ccc(F)cc1)c1ccc(F)cc1)c1nnnn1CC)CC(=O)CC(=O)OCC
47,CCOC(=O)CC(=O)CC(O)C=CC(=C(c1ccc(F)cc1)c1ccc(F)cc1)c1nnnn1CC,CCOC(=O)CC(=O)CC(O)C=O.CCn1nnnc1C(CP(=O)(OC)OC)=C(c1ccc(F)cc1)c1ccc(F)cc1
48,CCOC(=O)CC(=O)CC(O)C=CC(=C(c1ccc(F)cc1)c1ccc(F)cc1)c1nnnn1CC,CCOC(=O)CC(O)CC(O)C=CC(=C(c1ccc(F)cc1)c1ccc(F)cc1)c1nnnn1CC
49,CCOC(=O)CC(=O)CC(O)C=CC(=C(c1ccc(F)cc1)c1ccc(F)cc1)c1nnnn1CC,CCOC(=O)CC(=O)CC(O)C=CBr.CCn1nnnc1C=C(c1ccc(F)cc1)c1ccc(F)cc1
,,
7,COc1ccc(CN(c2nccs2)S(=O)(=O)c2ccc3c(c2)OCCN3c2ccc(C(F)(F)F)cc2-c2ccnn2C)cc1,COc1ccc(CN(c2nccs2)S(=O)(=O)c2ccc3c(c2)OCCN3c2ccc(C(F)(F)F)cc2Cl)cc1.Cn1nccc1B1OC(C)(C)C(C)(C)O1
0,COc1ccc(CN(c2nccs2)S(=O)(=O)c2ccc3c(c2)OCCN3c2ccc(C(F)(F)F)cc2-c2ccnn2C)cc1,COc1ccc(CN(c2nccs2)S(=O)(=O)c2ccc3c(c2)OCCN3c2ccc(C(F)(F)F)cc2Br)cc1.Cn1nccc1B1OC(C)(C)C(C)(C)O1
1,COc1ccc(CN(c2nccs2)S(=O)(=O)c2ccc3c(c2)OCCN3c2ccc(C(F)(F)F)cc2-c2ccnn2C)cc1,COc1ccc(CN(c2nccs2)S(=O)(=O)c2ccc3c(c2)OCCN3c2ccc(C(F)(F)F)cc2Br)cc1.Cn1nccc1B(O)O
2,COc1ccc(CN(c2nccs2)S(=O)(=O)c2ccc3c(c2)OCCN3c2ccc(C(F)(F)F)cc2-c2ccnn2C)cc1,COc1ccc(CNc2nccs2)cc1.Cn1nccc1-c1cc(C(F)(F)F)ccc1N1CCOc2cc(S(=O)(=O)Cl)ccc21
3,COc1ccc(CN(c2nccs2)S(=O)(=O)c2ccc3c(c2)OCCN3c2ccc(C(F)(F)F)cc2-c2ccnn2C)cc1,CCCC[Sn](CCCC)(CCCC)c1ccnn1C.COc1ccc(CN(c2nccs2)S(=O)(=O)c2ccc3c(c2)OCCN3c2ccc(C(F)(F)F)cc2Br)cc1
4,COc1ccc(CN(c2nccs2)S(=O)(=O)c2ccc3c(c2)OCCN3c2ccc(C(F)(F)F)cc2-c2ccnn2C)cc1,COc1ccc(CCl)cc1.Cn1nccc1-c1cc(C(F)(F)F)ccc1N1CCOc2cc(S(=O)(=O)Nc3nccs3)ccc21
5,COc1ccc(CN(c2nccs2)S(=O)(=O)c2ccc3c(c2)OCCN3c2ccc(C(F)(F)F)cc2-c2ccnn2C)cc1,COc1ccc(CN(c2nccs2)S(=O)(=O)c2ccc3c(c2)OCCN3c2ccc(C(F)(F)F)cc2I)cc1.Cn1nccc1B1OC(C)(C)C(C)(C)O1
6,COc1ccc(CN(c2nccs2)S(=O)(=O)c2ccc3c(c2)OCCN3c2ccc(C(F)(F)F)cc2-c2ccnn2C)cc1,COc1ccc(CN(c2nccs2)S(=O)(=O)c2ccc3c(c2)OCCN3c2ccc(C(F)(F)F)cc2I)cc1.Cn1nccc1B(O)O
7,COc1ccc(CN(c2nccs2)S(=O)(=O)c2ccc3c(c2)OCCN3c2ccc(C(F)(F)F)cc2-c2ccnn2C)cc1,COc1ccc(CBr)cc1.Cn1nccc1-c1cc(C(F)(F)F)ccc1N1CCOc2cc(S(=O)(=O)Nc3nccs3)ccc21
8,COc1ccc(CN(c2nccs2)S(=O)(=O)c2ccc3c(c2)OCCN3c2ccc(C(F)(F)F)cc2-c2ccnn2C)cc1,CCCC[Sn](CCCC)(CCCC)c1ccnn1C.COc1ccc(CN(c2nccs2)S(=O)(=O)c2ccc3c(c2)OCCN3c2ccc(C(F)(F)F)cc2I)cc1
9,COc1ccc(CN(c2nccs2)S(=O)(=O)c2ccc3c(c2)OCCN3c2ccc(C(F)(F)F)cc2-c2ccnn2C)cc1,COc1ccc(CN(c2nccs2)S(=O)(=O)c2ccc3c(c2)OCCN3)cc1.Cn1nccc1-c1cc(C(F)(F)F)ccc1Br
10,COc1ccc(CN(c2nccs2)S(=O)(=O)c2ccc3c(c2)OCCN3c2ccc(C(F)(F)F)cc2-c2ccnn2C)cc1,COc1ccc(CN(c2nccs2)S(=O)(=O)c2ccc3c(c2)OCCN3c2ccc(C(F)(F)F)cc2Br)cc1.Cn1nccc1Br
11,COc1ccc(CN(c2nccs2)S(=O)(=O)c2ccc3c(c2)OCCN3c2ccc(C(F)(F)F)cc2-c2ccnn2C)cc1,COc1ccc(CN(c2nccs2)S(=O)(=O)c2ccc3c(c2)OCCN3c2ccc(C(F)(F)F)cc2Cl)cc1.Cn1nccc1B1OC(C)(C)C(C)(C)O1
12,COc1ccc(CN(c2nccs2)S(=O)(=O)c2ccc3c(c2)OCCN3c2ccc(C(F)(F)F)cc2-c2ccnn2C)cc1,CI.COc1ccc(CN(c2nccs2)S(=O)(=O)c2ccc3c(c2)OCCN3c2ccc(C(F)(F)F)cc2-c2ccn[nH]2)cc1
13,COc1ccc(CN(c2nccs2)S(=O)(=O)c2ccc3c(c2)OCCN3c2ccc(C(F)(F)F)cc2-c2ccnn2C)cc1,COc1ccc(CN(c2nccs2)S(=O)(=O)c2ccc3c(c2)OCCN3c2ccc(C(F)(F)F)cc2Cl)cc1.Cn1nccc1B(O)O
14,COc1ccc(CN(c2nccs2)S(=O)(=O)c2ccc3c(c2)OCCN3c2ccc(C(F)(F)F)cc2-c2ccnn2C)cc1,COc1ccc(CN(c2nccs2)S(=O)(=O)c2ccc3c(c2)OCCN3)cc1.Cn1nccc1-c1cc(C(F)(F)F)ccc1I
15,COc1ccc(CN(c2nccs2)S(=O)(=O)c2ccc3c(c2)OCCN3c2ccc(C(F)(F)F)cc2-c2ccnn2C)cc1,COc1ccc(CN(c2nccs2)S(=O)(=O)c2ccc3c(c2)OCCN3)cc1.Cn1nccc1-c1cc(C(F)(F)F)ccc1OS(=O)(=O)C(F)(F)F
16,COc1ccc(CN(c2nccs2)S(=O)(=O)c2ccc3c(c2)OCCN3c2ccc(C(F)(F)F)cc2-c2ccnn2C)cc1,COc1ccc(CN(c2nccs2)S(=O)(=O)c2ccc(Br)c(OCCNc3ccc(C(F)(F)F)cc3-c3ccnn3C)c2)cc1
17,COc1ccc(CN(c2nccs2)S(=O)(=O)c2ccc3c(c2)OCCN3c2ccc(C(F)(F)F)cc2-c2ccnn2C)cc1,COc1ccc(CN(c2nccs2)S(=O)(=O)c2ccc3c(c2)OCCN3c2ccc(C(F)(F)F)cc2B2OC(C)(C)C(C)(C)O2)cc1.Cn1nccc1Br
18,COc1ccc(CN(c2nccs2)S(=O)(=O)c2ccc3c(c2)OCCN3c2ccc(C(F)(F)F)cc2-c2ccnn2C)cc1,COc1ccc(CN(c2nccs2)S(=O)(=O)c2ccc(N(CCO)c3ccc(C(F)(F)F)cc3-c3ccnn3C)c(F)c2)cc1
19,COc1ccc(CN(c2nccs2)S(=O)(=O)c2ccc3c(c2)OCCN3c2ccc(C(F)(F)F)cc2-c2ccnn2C)cc1,Brc1nccs1.COc1ccc(CNS(=O)(=O)c2ccc3c(c2)OCCN3c2ccc(C(F)(F)F)cc2-c2ccnn2C)cc1
20,COc1ccc(CN(c2nccs2)S(=O)(=O)c2ccc3c(c2)OCCN3c2ccc(C(F)(F)F)cc2-c2ccnn2C)cc1,CCCC[Sn](CCCC)(CCCC)c1ccnn1C.COc1ccc(CN(c2nccs2)S(=O)(=O)c2ccc3c(c2)OCCN3c2ccc(C(F)(F)F)cc2Cl)cc1
21,COc1ccc(CN(c2nccs2)S(=O)(=O)c2ccc3c(c2)OCCN3c2ccc(C(F)(F)F)cc2-c2ccnn2C)cc1,COc1ccc(CO)cc1.Cn1nccc1-c1cc(C(F)(F)F)ccc1N1CCOc2cc(S(=O)(=O)Nc3nccs3)ccc21
22,COc1ccc(CN(c2nccs2)S(=O)(=O)c2ccc3c(c2)OCCN3c2ccc(C(F)(F)F)cc2-c2ccnn2C)cc1,COc1ccc(CN(c2nccs2)S(=O)(=O)c2ccc3c(c2)OCCN3)cc1.Cn1nccc1-c1cc(C(F)(F)F)ccc1F
23,COc1ccc(CN(c2nccs2)S(=O)(=O)c2ccc3c(c2)OCCN3c2ccc(C(F)(F)F)cc2-c2ccnn2C)cc1,COc1ccc(CN(c2nccs2)S(=O)(=O)c2ccc3c(c2)OCCN3c2ccc(C(F)(F)F)cc2Br)cc1.Cn1nccc1I
24,COc1ccc(CN(c2nccs2)S(=O)(=O)c2ccc3c(c2)OCCN3c2ccc(C(F)(F)F)cc2-c2ccnn2C)cc1,COc1ccc(CN(c2nccs2)S(=O)(=O)c2ccc3c(c2)OCCN3c2ccc(C(F)(F)F)cc2Br)cc1.Cn1nccc1[Sn](C)(C)C
25,COc1ccc(CN(c2nccs2)S(=O)(=O)c2ccc3c(c2)OCCN3c2ccc(C(F)(F)F)cc2-c2ccnn2C)cc1,COc1ccc(CNc2nccs2)cc1.Cn1nccc1-c1cc(C(F)(F)F)ccc1N1CCOc2cc(S(=O)(=O)O)ccc21
26,COc1ccc(CN(c2nccs2)S(=O)(=O)c2ccc3c(c2)OCCN3c2ccc(C(F)(F)F)cc2-c2ccnn2C)cc1,COc1ccc(CN(c2nccs2)S(=O)(=O)c2ccc3c(c2)OCCN3c2ccc(C(F)(F)F)cc2B2OC(C)(C)C(C)(C)O2)cc1.Cn1nccc1I
27,COc1ccc(CN(c2nccs2)S(=O)(=O)c2ccc3c(c2)OCCN3c2ccc(C(F)(F)F)cc2-c2ccnn2C)cc1,COc1ccc(CN(c2nccs2)S(=O)(=O)c2ccc(F)c(OCCNc3ccc(C(F)(F)F)cc3-c3ccnn3C)c2)cc1
28,COc1ccc(CN(c2nccs2)S(=O)(=O)c2ccc3c(c2)OCCN3c2ccc(C(F)(F)F)cc2-c2ccnn2C)cc1,COc1ccc(CN(c2nccs2)S(=O)(=O)c2ccc(N(CCO)c3ccc(C(F)(F)F)cc3-c3ccnn3C)c(Br)c2)cc1
29,COc1ccc(CN(c2nccs2)S(=O)(=O)c2ccc3c(c2)OCCN3c2ccc(C(F)(F)F)cc2-c2ccnn2C)cc1,COc1ccc(CN(c2nccs2)S(=O)(=O)c2ccc3c(c2)OCCN3)cc1.Cn1nccc1-c1cc(C(F)(F)F)ccc1Cl
30,COc1ccc(CN(c2nccs2)S(=O)(=O)c2ccc3c(c2)OCCN3c2ccc(C(F)(F)F)cc2-c2ccnn2C)cc1,COc1ccc(CNS(=O)(=O)c2ccc3c(c2)OCCN3c2ccc(C(F)(F)F)cc2-c2ccnn2C)cc1.Clc1nccs1
31,COc1ccc(CN(c2nccs2)S(=O)(=O)c2ccc3c(c2)OCCN3c2ccc(C(F)(F)F)cc2-c2ccnn2C)cc1,COc1ccc(CN(c2nccs2)S(=O)(=O)c2ccc(Cl)c(OCCNc3ccc(C(F)(F)F)cc3-c3ccnn3C)c2)cc1
32,COc1ccc(CN(c2nccs2)S(=O)(=O)c2ccc3c(c2)OCCN3c2ccc(C(F)(F)F)cc2-c2ccnn2C)cc1,COc1ccc(CN(c2nccs2)S(=O)(=O)c2ccc3c(c2)OCCN3c2ccc(C(F)(F)F)cc2OS(=O)(=O)C(F)(F)F)cc1.Cn1nccc1B(O)O
33,COc1ccc(CN(c2nccs2)S(=O)(=O)c2ccc3c(c2)OCCN3c2ccc(C(F)(F)F)cc2-c2ccnn2C)cc1,COc1ccc(CN(c2nccs2)S(=O)(=O)c2ccc3c(c2)OCCN3c2ccc(C(F)(F)F)cc2B2OC(C)(C)C(C)(C)O2)cc1.Cn1nccc1OS(=O)(=O)C(F)(F)F
34,COc1ccc(CN(c2nccs2)S(=O)(=O)c2ccc3c(c2)OCCN3c2ccc(C(F)(F)F)cc2-c2ccnn2C)cc1,COc1ccc(CN(c2nccs2)S(=O)(=O)c2ccc3c(c2)OCCN3c2ccc(C(F)(F)F)cc2Br)cc1.Cn1nccc1B1OCC(C)(C)CO1
35,COc1ccc(CN(c2nccs2)S(=O)(=O)c2ccc3c(c2)OCCN3c2ccc(C(F)(F)F)cc2-c2ccnn2C)cc1,COc1ccc(CN(c2nccs2)S(=O)(=O)c2ccc(OS(=O)(=O)C(F)(F)F)c(OCCNc3ccc(C(F)(F)F)cc3-c3ccnn3C)c2)cc1
36,COc1ccc(CN(c2nccs2)S(=O)(=O)c2ccc3c(c2)OCCN3c2ccc(C(F)(F)F)cc2-c2ccnn2C)cc1,COc1ccc(CNS(=O)(=O)c2ccc3c(c2)OCCN3c2ccc(C(F)(F)F)cc2-c2ccnn2C)cc1.Ic1nccs1
37,COc1ccc(CN(c2nccs2)S(=O)(=O)c2ccc3c(c2)OCCN3c2ccc(C(F)(F)F)cc2-c2ccnn2C)cc1,CNN.COc1ccc(CN(c2nccs2)S(=O)(=O)c2ccc3c(c2)OCCN3c2ccc(C(F)(F)F)cc2C(=O)CC=O)cc1
38,COc1ccc(CN(c2nccs2)S(=O)(=O)c2ccc3c(c2)OCCN3c2ccc(C(F)(F)F)cc2-c2ccnn2C)cc1,COc1ccc(CN(c2nccs2)S(=O)(=O)c2ccc3c(c2)OCCN3c2ccc(C(F)(F)F)cc2B(O)O)cc1.Cn1nccc1OS(=O)(=O)C(F)(F)F
39,COc1ccc(CN(c2nccs2)S(=O)(=O)c2ccc3c(c2)OCCN3c2ccc(C(F)(F)F)cc2-c2ccnn2C)cc1,COc1ccc(CN(c2nccs2)S(=O)(=O)c2ccc(N(CCO)c3ccc(C(F)(F)F)cc3-c3ccnn3C)c(Cl)c2)cc1
40,COc1ccc(CN(c2nccs2)S(=O)(=O)c2ccc3c(c2)OCCN3c2ccc(C(F)(F)F)cc2-c2ccnn2C)cc1,COc1ccc(CN(c2nccs2)S(=O)(=O)c2ccc3c(c2)OCCN3c2ccc(C(F)(F)F)cc2B(O)O)cc1.Cn1nccc1Br
41,COc1ccc(CN(c2nccs2)S(=O)(=O)c2ccc3c(c2)OCCN3c2ccc(C(F)(F)F)cc2-c2ccnn2C)cc1,COc1ccc(COS(C)(=O)=O)cc1.Cn1nccc1-c1cc(C(F)(F)F)ccc1N1CCOc2cc(S(=O)(=O)Nc3nccs3)ccc21
42,COc1ccc(CN(c2nccs2)S(=O)(=O)c2ccc3c(c2)OCCN3c2ccc(C(F)(F)F)cc2-c2ccnn2C)cc1,COc1ccc(CN(c2nccs2)S(=O)(=O)c2ccc3c(c2)OCCN3)cc1.Cn1nccc1-c1cc(C(F)(F)F)ccc1B(O)O
43,COc1ccc(CN(c2nccs2)S(=O)(=O)c2ccc3c(c2)OCCN3c2ccc(C(F)(F)F)cc2-c2ccnn2C)cc1,CI.Cn1nccc1-c1cc(C(F)(F)F)ccc1N1CCOc2cc(S(=O)(=O)N(Cc3ccc(O)cc3)c3nccs3)ccc21
44,COc1ccc(CN(c2nccs2)S(=O)(=O)c2ccc3c(c2)OCCN3c2ccc(C(F)(F)F)cc2-c2ccnn2C)cc1,CO.Cn1nccc1-c1cc(C(F)(F)F)ccc1N1CCOc2cc(S(=O)(=O)N(Cc3ccc(Br)cc3)c3nccs3)ccc21
45,COc1ccc(CN(c2nccs2)S(=O)(=O)c2ccc3c(c2)OCCN3c2ccc(C(F)(F)F)cc2-c2ccnn2C)cc1,COc1ccc(CN(c2nccs2)S(=O)(=O)c2ccc3c(c2)OCCN3c2ccc(C(F)(F)F)cc2I)cc1.Cn1nccc1[Zn+]
46,COc1ccc(CN(c2nccs2)S(=O)(=O)c2ccc3c(c2)OCCN3c2ccc(C(F)(F)F)cc2-c2ccnn2C)cc1,CO.Cn1nccc1-c1cc(C(F)(F)F)ccc1N1CCOc2cc(S(=O)(=O)N(Cc3ccc(F)cc3)c3nccs3)ccc21
47,COc1ccc(CN(c2nccs2)S(=O)(=O)c2ccc3c(c2)OCCN3c2ccc(C(F)(F)F)cc2-c2ccnn2C)cc1,COc1ccc(C=O)cc1.Cn1nccc1-c1cc(C(F)(F)F)ccc1N1CCOc2cc(S(=O)(=O)Nc3nccs3)ccc21
48,COc1ccc(CN(c2nccs2)S(=O)(=O)c2ccc3c(c2)OCCN3c2ccc(C(F)(F)F)cc2-c2ccnn2C)cc1,COc1ccc(CN(c2nccs2)S(=O)(=O)c2ccc3c(c2)OCCN3c2ccc(C(F)(F)F)cc2B(O)O)cc1.Cn1nccc1I
49,COc1ccc(CN(c2nccs2)S(=O)(=O)c2ccc3c(c2)OCCN3c2ccc(C(F)(F)F)cc2-c2ccnn2C)cc1,COc1ccc(CN(c2nccs2)S(=O)(=O)c2ccc(I)c(OCCNc3ccc(C(F)(F)F)cc3-c3ccnn3C)c2)cc1
,,
8,CC(C)(C)OC(=O)N1CC=C(c2cccc([N+](=O)[O-])c2N)CC1,CC(C)(C)OC(=O)N1CC=C(B2OC(C)(C)C(C)(C)O2)CC1.Nc1c(Cl)cccc1[N+](=O)[O-]
0,CC(C)(C)OC(=O)N1CC=C(c2cccc([N+](=O)[O-])c2N)CC1,CC(C)(C)OC(=O)OC(=O)OC(C)(C)C.Nc1c(C2=CCNCC2)cccc1[N+](=O)[O-]
1,CC(C)(C)OC(=O)N1CC=C(c2cccc([N+](=O)[O-])c2N)CC1,CC(C)(C)OC(=O)N1CC=C(B2OC(C)(C)C(C)(C)O2)CC1.Nc1c(Br)cccc1[N+](=O)[O-]
2,CC(C)(C)OC(=O)N1CC=C(c2cccc([N+](=O)[O-])c2N)CC1,CC(C)(C)OC(=O)N1CC=C(B2OC(C)(C)C(C)(C)O2)CC1.Nc1c(I)cccc1[N+](=O)[O-]
3,CC(C)(C)OC(=O)N1CC=C(c2cccc([N+](=O)[O-])c2N)CC1,CC(C)(C)OC(=O)N1CC=C(B(O)O)CC1.Nc1c(Br)cccc1[N+](=O)[O-]
4,CC(C)(C)OC(=O)N1CC=C(c2cccc([N+](=O)[O-])c2N)CC1,CC(C)(C)OC(=O)N1CC=C(OS(=O)(=O)C(F)(F)F)CC1.Nc1c(B(O)O)cccc1[N+](=O)[O-]
5,CC(C)(C)OC(=O)N1CC=C(c2cccc([N+](=O)[O-])c2N)CC1,CC(C)(C)OC(=O)N1CC=C(OS(=O)(=O)C(F)(F)F)CC1.CC1(C)OB(c2cccc([N+](=O)[O-])c2N)OC1(C)C
6,CC(C)(C)OC(=O)N1CC=C(c2cccc([N+](=O)[O-])c2N)CC1,CCCC[Sn](CCCC)(CCCC)C1=CCN(C(=O)OC(C)(C)C)CC1.Nc1c(I)cccc1[N+](=O)[O-]
7,CC(C)(C)OC(=O)N1CC=C(c2cccc([N+](=O)[O-])c2N)CC1,CC(C)(C)OC(=O)N1CC=C(B(O)O)CC1.Nc1c(I)cccc1[N+](=O)[O-]
8,CC(C)(C)OC(=O)N1CC=C(c2cccc([N+](=O)[O-])c2N)CC1,CC(=O)Nc1c(C2=CCN(C(=O)OC(C)(C)C)CC2)cccc1[N+](=O)[O-]
9,CC(C)(C)OC(=O)N1CC=C(c2cccc([N+](=O)[O-])c2N)CC1,CC(C)(C)OC(=O)N1CC=C(c2cccc([N+](=O)[O-])c2F)CC1.[NH4+]
10,CC(C)(C)OC(=O)N1CC=C(c2cccc([N+](=O)[O-])c2N)CC1,CCCC[Sn](CCCC)(CCCC)C1=CCN(C(=O)OC(C)(C)C)CC1.Nc1c(Br)cccc1[N+](=O)[O-]
11,CC(C)(C)OC(=O)N1CC=C(c2cccc([N+](=O)[O-])c2N)CC1,CC(C)(C)OC(=O)N1CC=C(Br)CC1.Nc1c(B(O)O)cccc1[N+](=O)[O-]
12,CC(C)(C)OC(=O)N1CC=C(c2cccc([N+](=O)[O-])c2N)CC1,CC(C)(C)OC(=O)N1CC=C(c2cccc([N+](=O)[O-])c2Cl)CC1.N
13,CC(C)(C)OC(=O)N1CC=C(c2cccc([N+](=O)[O-])c2N)CC1,CC(C)(C)OC(=O)N1CC=C(B2OC(C)(C)C(C)(C)O2)CC1.Nc1c(OS(=O)(=O)C(F)(F)F)cccc1[N+](=O)[O-]
14,CC(C)(C)OC(=O)N1CC=C(c2cccc([N+](=O)[O-])c2N)CC1,CC(C)(C)OC(=O)N1CC=C(Cl)CC1.Nc1ccccc1[N+](=O)[O-]
15,CC(C)(C)OC(=O)N1CC=C(c2cccc([N+](=O)[O-])c2N)CC1,CC(C)(C)OC(=O)N1CC=C([Sn](C)(C)C)CC1.Nc1c(Br)cccc1[N+](=O)[O-]
16,CC(C)(C)OC(=O)N1CC=C(c2cccc([N+](=O)[O-])c2N)CC1,CC(C)(C)OC(=O)N1CC=C(c2cccc([N+](=O)[O-])c2F)CC1.N
17,CC(C)(C)OC(=O)N1CC=C(c2cccc([N+](=O)[O-])c2N)CC1,CC(C)(C)OC(=O)N1CC=C(c2cccc([N+](=O)[O-])c2Br)CC1.N
18,CC(C)(C)OC(=O)N1CC=C(c2cccc([N+](=O)[O-])c2N)CC1,CC(C)(C)OC(=O)N1CC=C(B2OC(C)(C)C(C)(C)O2)CC1.Nc1c(Cl)cccc1[N+](=O)[O-]
19,CC(C)(C)OC(=O)N1CC=C(c2cccc([N+](=O)[O-])c2N)CC1,CC(C)(C)OC(=O)N1CC=C(B(O)O)CC1.Nc1c(Cl)cccc1[N+](=O)[O-]
20,CC(C)(C)OC(=O)N1CC=C(c2cccc([N+](=O)[O-])c2N)CC1,CC(C)(C)OC(=O)N1CC=C(c2cccc([N+](=O)[O-])c2NC(=O)C(F)(F)F)CC1
21,CC(C)(C)OC(=O)N1CC=C(c2cccc([N+](=O)[O-])c2N)CC1,CC(C)(C)OC(=O)N1CC=C(Br)CC1.Nc1ccccc1[N+](=O)[O-]
22,CC(C)(C)OC(=O)N1CC=C(c2cccc([N+](=O)[O-])c2N)CC1,CC(C)(C)OC(=O)Nc1c(C2=CCN(C(=O)OC(C)(C)C)CC2)cccc1[N+](=O)[O-]
23,CC(C)(C)OC(=O)N1CC=C(c2cccc([N+](=O)[O-])c2N)CC1,CC(C)(C)OC(=O)Cl.Nc1c(C2=CCNCC2)cccc1[N+](=O)[O-]
24,CC(C)(C)OC(=O)N1CC=C(c2cccc([N+](=O)[O-])c2N)CC1,CC(C)(C)OC(=O)N1CC=C(c2cccc([N+](=O)[O-])c2C(N)=O)CC1
25,CC(C)(C)OC(=O)N1CC=C(c2cccc([N+](=O)[O-])c2N)CC1,C=CCN(CCC(=C)c1cccc([N+](=O)[O-])c1N)C(=O)OC(C)(C)C
26,CC(C)(C)OC(=O)N1CC=C(c2cccc([N+](=O)[O-])c2N)CC1,CC(C)(C)OC(=O)N1CC=C(Br)CC1.CC1(C)OB(c2cccc([N+](=O)[O-])c2N)OC1(C)C
27,CC(C)(C)OC(=O)N1CC=C(c2cccc([N+](=O)[O-])c2N)CC1,CC(C)(C)OC(=O)N1CC=C(c2cccc([N+](=O)[O-])c2N=[N+]=[N-])CC1
28,CC(C)(C)OC(=O)N1CC=C(c2cccc([N+](=O)[O-])c2N)CC1,CC(C)(C)OC(=O)N1CC=CCC1.Nc1c(I)cccc1[N+](=O)[O-]
29,CC(C)(C)OC(=O)N1CC=C(c2cccc([N+](=O)[O-])c2N)CC1,CC(C)(C)OC(=O)N1CC=CCC1.Nc1c(Br)cccc1[N+](=O)[O-]
30,CC(C)(C)OC(=O)N1CC=C(c2cccc([N+](=O)[O-])c2N)CC1,CCCC[Sn](CCCC)(CCCC)C1=CCN(C(=O)OC(C)(C)C)CC1.Nc1c(Cl)cccc1[N+](=O)[O-]
31,CC(C)(C)OC(=O)N1CC=C(c2cccc([N+](=O)[O-])c2N)CC1,CC(C)(C)OC(=O)N1CC=C(Cl)CC1.Nc1c(B(O)O)cccc1[N+](=O)[O-]
32,CC(C)(C)OC(=O)N1CC=C(c2cccc([N+](=O)[O-])c2N)CC1,CC(C)(C)OC(=O)N1CC=C(OS(=O)(=O)C(F)(F)F)CC1.CCCC[Sn](CCCC)(CCCC)c1cccc([N+](=O)[O-])c1N
33,CC(C)(C)OC(=O)N1CC=C(c2cccc([N+](=O)[O-])c2N)CC1,CC(C)(C)OC(=O)N1CC=C(c2cccc([N+](=O)[O-])c2Br)CC1.[NH4+]
34,CC(C)(C)OC(=O)N1CC=C(c2cccc([N+](=O)[O-])c2N)CC1,CC(C)(C)OC(=O)N1CC=C(c2cccc([N+](=O)[O-])c2NCc2ccccc2)CC1
35,CC(C)(C)OC(=O)N1CC=C(c2cccc([N+](=O)[O-])c2N)CC1,CC(C)(C)OC(=O)OC(=O)OC(C)(C)C.Nc1c(C2=CC[NH2+]CC2)cccc1[N+](=O)[O-]
36,CC(C)(C)OC(=O)N1CC=C(c2cccc([N+](=O)[O-])c2N)CC1,CC(C)(C)OC(=O)N(CCC(=O)c1cccc([N+](=O)[O-])c1N)CC[P+](c1ccccc1)(c1ccccc1)c1ccccc1
37,CC(C)(C)OC(=O)N1CC=C(c2cccc([N+](=O)[O-])c2N)CC1,CC(=O)OC1=CCN(C(=O)OC(C)(C)C)CC1.Nc1ccccc1[N+](=O)[O-]
38,CC(C)(C)OC(=O)N1CC=C(c2cccc([N+](=O)[O-])c2N)CC1,CC(C)(C)OC(=O)N1CC=C([Zn+])CC1.Nc1c(I)cccc1[N+](=O)[O-]
39,CC(C)(C)OC(=O)N1CC=C(c2cccc([N+](=O)[O-])c2N)CC1,CC(C)(C)OC(=O)N1CC=C([Mg+])CC1.Nc1c(Br)cccc1[N+](=O)[O-]
40,CC(C)(C)OC(=O)N1CC=C(c2cccc([N+](=O)[O-])c2N)CC1,CON(C)C1=CCN(C(=O)OC(C)(C)C)CC1.Nc1c(Br)cccc1[N+](=O)[O-]
41,CC(C)(C)OC(=O)N1CC=C(c2cccc([N+](=O)[O-])c2N)CC1,CC(C)(C)OC(=O)N1CC=C(c2cccc([N+](=O)[O-])c2Cl)CC1.[NH4+]
42,CC(C)(C)OC(=O)N1CC=C(c2cccc([N+](=O)[O-])c2N)CC1,CC(C)(C)OC(=O)N1CC=C(I)CC1.Nc1c(B(O)O)cccc1[N+](=O)[O-]
43,CC(C)(C)OC(=O)N1CC=C(c2cccc([N+](=O)[O-])c2N)CC1,CC(C)(C)OC(=O)N1CC=C(Cl)CC1.Nc1c(Br)cccc1[N+](=O)[O-]
44,CC(C)(C)OC(=O)N1CC=C(c2cccc([N+](=O)[O-])c2N)CC1,CON(C)C1=CCN(C(=O)OC(C)(C)C)CC1.Nc1c(I)cccc1[N+](=O)[O-]
45,CC(C)(C)OC(=O)N1CC=C(c2cccc([N+](=O)[O-])c2N)CC1,CC(C)(C)OC(=O)N1CC=C(c2cc(Cl)cc([N+](=O)[O-])c2N)CC1
46,CC(C)(C)OC(=O)N1CC=C(c2cccc([N+](=O)[O-])c2N)CC1,CC(C)(C)OC(=O)N1CC=C=CC1.Nc1ccccc1[N+](=O)[O-]
47,CC(C)(C)OC(=O)N1CC=C(c2cccc([N+](=O)[O-])c2N)CC1,CC(C)(C)OC(=O)N1CC=C(c2cccc([N+](=O)[O-])c2OS(=O)(=O)C(F)(F)F)CC1.N
48,CC(C)(C)OC(=O)N1CC=C(c2cccc([N+](=O)[O-])c2N)CC1,C=CB1OB(C=C)OB(C2=CCN(C(=O)OC(C)(C)C)CC2)O1.Nc1c(Br)cccc1[N+](=O)[O-]
49,CC(C)(C)OC(=O)N1CC=C(c2cccc([N+](=O)[O-])c2N)CC1,CC(C)(C)OC(=O)N1CC=C(Cl)CC1.Nc1c(I)cccc1[N+](=O)[O-]
,,
9,Brc1cccc(-c2ccccn2)c1,Brc1ccccn1.OB(O)c1cccc(Br)c1
0,Brc1cccc(-c2ccccn2)c1,Brc1ccccn1.OB(O)c1cccc(Br)c1
1,Brc1cccc(-c2ccccn2)c1,Ic1ccccn1.OB(O)c1cccc(Br)c1
2,Brc1cccc(-c2ccccn2)c1,Brc1cccc(Br)c1.CCCC[Sn](CCCC)(CCCC)c1ccccn1
3,Brc1cccc(-c2ccccn2)c1,Brc1cccc(I)c1.Brc1ccccn1
4,Brc1cccc(-c2ccccn2)c1,Brc1cccc(Br)c1.Brc1ccccn1
5,Brc1cccc(-c2ccccn2)c1,Brc1cccc(Br)c1.C[Sn](C)(C)c1ccccn1
6,Brc1cccc(-c2ccccn2)c1,Brc1cccc(I)c1.CCCC[Sn](CCCC)(CCCC)c1ccccn1
7,Brc1cccc(-c2ccccn2)c1,Clc1ccccn1.OB(O)c1cccc(Br)c1
8,Brc1cccc(-c2ccccn2)c1,Brc1cccc(Br)c1.OB(O)c1ccccn1
9,Brc1cccc(-c2ccccn2)c1,Brc1ccccn1.C[Sn](C)(C)c1cccc(Br)c1
10,Brc1cccc(-c2ccccn2)c1,Brc1cccc(Br)c1.Ic1ccccn1
11,Brc1cccc(-c2ccccn2)c1,Brc1ccccn1.CCCC[Sn](CCCC)(CCCC)c1cccc(Br)c1
12,Brc1cccc(-c2ccccn2)c1,Brc1cccc(I)c1.OB(O)c1ccccn1
13,Brc1cccc(-c2ccccn2)c1,Brc1cccc(Br)c1.Brc1ccccn1
14,Brc1cccc(-c2ccccn2)c1,Brc1ccccn1.CC1(C)OB(c2cccc(Br)c2)OC1(C)C
15,Brc1cccc(-c2ccccn2)c1,Brc1cccc(Br)c1.Clc1ccccn1
16,Brc1cccc(-c2ccccn2)c1,CC1(C)OB(c2cccc(Br)c2)OC1(C)C.O=S(=O)(Oc1ccccn1)C(F)(F)F
17,Brc1cccc(-c2ccccn2)c1,Brc1ccccn1.[Mg+]c1cccc(Br)c1
18,Brc1cccc(-c2ccccn2)c1,CCCC[Sn](CCCC)(CCCC)c1ccccn1.Clc1cccc(Br)c1
19,Brc1cccc(-c2ccccn2)c1,CC1(C)OB(c2cccc(Br)c2)OC1(C)C.Clc1ccccn1
20,Brc1cccc(-c2ccccn2)c1,CC1(C)OB(c2cccc(Br)c2)OC1(C)C.Ic1ccccn1
21,Brc1cccc(-c2ccccn2)c1,O=S(=O)(Oc1ccccn1)C(F)(F)F.OB(O)c1cccc(Br)c1
22,Brc1cccc(-c2ccccn2)c1,Brc1cccc(Br)c1.[Mg+]c1ccccn1
23,Brc1cccc(-c2ccccn2)c1,O=S(=O)(Oc1cccc(Br)c1)C(F)(F)F.OB(O)c1ccccn1
24,Brc1cccc(-c2ccccn2)c1,Brc1cccc(I)c1.Ic1ccccn1
25,Brc1cccc(-c2ccccn2)c1,CCCC[Sn](CCCC)(CCCC)c1cccc(Br)c1.Clc1ccccn1
26,Brc1cccc(-c2ccccn2)c1,Clc1ccccn1.[Mg+]c1cccc(Br)c1
27,Brc1cccc(-c2ccccn2)c1,Clc1cccc(Br)c1.[Zn+]c1ccccn1
28,Brc1cccc(-c2ccccn2)c1,Brc1ccccn1.CC1(C)COB(c2cccc(Br)c2)OC1
29,Brc1cccc(-c2ccccn2)c1,CCCC[Sn](CCCC)(CCCC)c1cccc(Br)c1.Ic1ccccn1
30,Brc1cccc(-c2ccccn2)c1,C[Sn](C)(C)c1cccc(Br)c1.Ic1ccccn1
31,Brc1cccc(-c2ccccn2)c1,Brc1ccccn1.Clc1cccc(Br)c1
32,Brc1cccc(-c2ccccn2)c1,CCCC[Sn](CCCC)(CCCC)c1ccccn1.O=S(=O)(Oc1cccc(Br)c1)C(F)(F)F
33,Brc1cccc(-c2ccccn2)c1,Brc1cccc(I)c1.CC1(C)OB(c2ccccn2)OC1(C)C
34,Brc1cccc(-c2ccccn2)c1,Brc1cccc(Br)c1.CC1(C)OB(c2ccccn2)OC1(C)C
35,Brc1cccc(-c2ccccn2)c1,Clc1cccc(Br)c1.OB(O)c1ccccn1
36,Brc1cccc(-c2ccccn2)c1,Brc1cccc(I)c1.[Zn+]c1ccccn1
37,Brc1cccc(-c2ccccn2)c1,Clc1ccc(-c2cccc(Br)c2)nc1
38,Brc1cccc(-c2ccccn2)c1,Clc1cccc(Br)c1.[Mg+]c1ccccn1
39,Brc1cccc(-c2ccccn2)c1,CCCC[Sn](CCCC)(CCCC)c1cccc(Br)c1.O=S(=O)(Oc1ccccn1)C(F)(F)F
40,Brc1cccc(-c2ccccn2)c1,C[Sn](C)(C)c1ccccn1.Clc1cccc(Br)c1
41,Brc1cccc(-c2ccccn2)c1,Brc1cccc(I)c1.C[Sn](C)(C)c1ccccn1
42,Brc1cccc(-c2ccccn2)c1,Clc1cccc(-c2cccc(Br)c2)n1
43,Brc1cccc(-c2ccccn2)c1,Clc1ccccn1.[Zn+]c1cccc(Br)c1
44,Brc1cccc(-c2ccccn2)c1,CC1(C)OB(c2ccccn2)OC1(C)C.O=S(=O)(Oc1cccc(Br)c1)C(F)(F)F
45,Brc1cccc(-c2ccccn2)c1,Oc1ccc(-c2cccc(Br)c2)nc1
46,Brc1cccc(-c2ccccn2)c1,Brc1cccc(Br)c1.CC1(C)COB(c2ccccn2)OC1
47,Brc1cccc(-c2ccccn2)c1,Brc1cccc(Br)c1.c1ccc(N2CCOB(c3ccccn3)OCC2)cc1
48,Brc1cccc(-c2ccccn2)c1,Br[Zn]c1ccccn1.Brc1cccc(Br)c1
49,Brc1cccc(-c2ccccn2)c1,Clc1cccc(Br)c1.Clc1ccccn1
,,
10,COC(=O)c1ccc(-c2ncn(-c3ccc(OC(F)(F)F)cc3)n2)cc1C,COC(=O)c1ccc(B2OC(C)(C)C(C)(C)O2)cc1C.FC(F)(F)Oc1ccc(-n2cnc(Br)n2)cc1
0,COC(=O)c1ccc(-c2ncn(-c3ccc(OC(F)(F)F)cc3)n2)cc1C,COC(=O)c1ccc(-c2nc[nH]n2)cc1C.FC(F)(F)Oc1ccc(Br)cc1
1,COC(=O)c1ccc(-c2ncn(-c3ccc(OC(F)(F)F)cc3)n2)cc1C,COC(=O)c1ccc(-c2nc[nH]n2)cc1C.FC(F)(F)Oc1ccc(I)cc1
2,COC(=O)c1ccc(-c2ncn(-c3ccc(OC(F)(F)F)cc3)n2)cc1C,COC(=O)c1ccc(B2OC(C)(C)C(C)(C)O2)cc1C.FC(F)(F)Oc1ccc(-n2cnc(Br)n2)cc1
3,COC(=O)c1ccc(-c2ncn(-c3ccc(OC(F)(F)F)cc3)n2)cc1C,COC(=O)c1ccc(B(O)O)cc1C.FC(F)(F)Oc1ccc(-n2cnc(Br)n2)cc1
4,COC(=O)c1ccc(-c2ncn(-c3ccc(OC(F)(F)F)cc3)n2)cc1C,COC(=O)c1ccc(-c2nc[nH]n2)cc1C.OB(O)c1ccc(OC(F)(F)F)cc1
5,COC(=O)c1ccc(-c2ncn(-c3ccc(OC(F)(F)F)cc3)n2)cc1C,COC(=O)c1ccc(-c2nc[nH]n2)cc1C.Fc1ccc(OC(F)(F)F)cc1
6,COC(=O)c1ccc(-c2ncn(-c3ccc(OC(F)(F)F)cc3)n2)cc1C,COC(=O)c1ccc(B(O)O)cc1C.FC(F)(F)Oc1ccc(-n2cnc(I)n2)cc1
7,COC(=O)c1ccc(-c2ncn(-c3ccc(OC(F)(F)F)cc3)n2)cc1C,CCCC[Sn](CCCC)(CCCC)c1ncn(-c2ccc(OC(F)(F)F)cc2)n1.COC(=O)c1ccc(Br)cc1C
8,COC(=O)c1ccc(-c2ncn(-c3ccc(OC(F)(F)F)cc3)n2)cc1C,CO.Cc1cc(-c2ncn(-c3ccc(OC(F)(F)F)cc3)n2)ccc1C(=O)O
9,COC(=O)c1ccc(-c2ncn(-c3ccc(OC(F)(F)F)cc3)n2)cc1C,COC(=O)c1ccc(B2OC(C)(C)C(C)(C)O2)cc1C.FC(F)(F)Oc1ccc(-n2cnc(I)n2)cc1
10,COC(=O)c1ccc(-c2ncn(-c3ccc(OC(F)(F)F)cc3)n2)cc1C,CB1OB(C)OB(C)O1.COC(=O)c1ccc(-c2ncn(-c3ccc(OC(F)(F)F)cc3)n2)cc1Br
11,COC(=O)c1ccc(-c2ncn(-c3ccc(OC(F)(F)F)cc3)n2)cc1C,COC(=O)c1ccc(C(=NNc2ccc(OC(F)(F)F)cc2)NCBr)cc1C
12,COC(=O)c1ccc(-c2ncn(-c3ccc(OC(F)(F)F)cc3)n2)cc1C,COC(=O)c1ccc(Br)cc1C.FC(F)(F)Oc1ccc(-n2cnc(Br)n2)cc1
13,COC(=O)c1ccc(-c2ncn(-c3ccc(OC(F)(F)F)cc3)n2)cc1C,COC(=O)c1ccc(C(=O)NCF)cc1C.NNc1ccc(OC(F)(F)F)cc1
14,COC(=O)c1ccc(-c2ncn(-c3ccc(OC(F)(F)F)cc3)n2)cc1C,COC(=O)c1ccc(B2OCC(C)(C)CO2)cc1C.FC(F)(F)Oc1ccc(-n2cnc(Br)n2)cc1
15,COC(=O)c1ccc(-c2ncn(-c3ccc(OC(F)(F)F)cc3)n2)cc1C,CI.COC(=O)c1ccc(-c2ncn(-c3ccc(OC(F)(F)F)cc3)n2)cc1Br
16,COC(=O)c1ccc(-c2ncn(-c3ccc(OC(F)(F)F)cc3)n2)cc1C,COC(=O)c1ccc(Br)cc1C.FC(F)(F)Oc1ccc(-n2cnc(I)n2)cc1
17,COC(=O)c1ccc(-c2ncn(-c3ccc(OC(F)(F)F)cc3)n2)cc1C,CB(O)O.COC(=O)c1ccc(-c2ncn(-c3ccc(OC(F)(F)F)cc3)n2)cc1Br
18,COC(=O)c1ccc(-c2ncn(-c3ccc(OC(F)(F)F)cc3)n2)cc1C,CCCC[Sn](CCCC)(CCCC)c1ncn(-c2ccc(OC(F)(F)F)cc2)n1.COC(=O)c1ccc(I)cc1C
19,COC(=O)c1ccc(-c2ncn(-c3ccc(OC(F)(F)F)cc3)n2)cc1C,CCCC[Sn](CCCC)(CCCC)c1ccc(C(=O)OC)c(C)c1.FC(F)(F)Oc1ccc(-n2cnc(Br)n2)cc1
20,COC(=O)c1ccc(-c2ncn(-c3ccc(OC(F)(F)F)cc3)n2)cc1C,COC(=O)c1ccc(-c2ncn(-c3ccc(OC(F)(F)F)cc3)n2)cc1Cl.C[Mg+]
21,COC(=O)c1ccc(-c2ncn(-c3ccc(OC(F)(F)F)cc3)n2)cc1C,CC1(C)OB(c2ncn(-c3ccc(OC(F)(F)F)cc3)n2)OC1(C)C.COC(=O)c1ccc(Br)cc1C
22,COC(=O)c1ccc(-c2ncn(-c3ccc(OC(F)(F)F)cc3)n2)cc1C,COC(=O)c1ccc(I)cc1C.FC(F)(F)Oc1ccc(-n2cnc(Br)n2)cc1
23,COC(=O)c1ccc(-c2ncn(-c3ccc(OC(F)(F)F)cc3)n2)cc1C,CB1OB(C)OB(C)O1.COC(=O)c1ccc(-c2ncn(-c3ccc(OC(F)(F)F)cc3)n2)cc1Cl
24,COC(=O)c1ccc(-c2ncn(-c3ccc(OC(F)(F)F)cc3)n2)cc1C,COC(=O)c1ccc(-c2ncn(-c3ccc(OC(F)(F)F)cc3)n2)cc1Br.C[Sn](C)(C)C
25,COC(=O)c1ccc(-c2ncn(-c3ccc(OC(F)(F)F)cc3)n2)cc1C,COC(=O)c1ccc(B2OC(C)(C)C(C)(C)O2)cc1C.O=S(=O)(Oc1ncn(-c2ccc(OC(F)(F)F)cc2)n1)C(F)(F)F
26,COC(=O)c1ccc(-c2ncn(-c3ccc(OC(F)(F)F)cc3)n2)cc1C,COC(=O)c1ccc(C(=O)O)cc1C.NCN(N)c1ccc(OC(F)(F)F)cc1
27,COC(=O)c1ccc(-c2ncn(-c3ccc(OC(F)(F)F)cc3)n2)cc1C,COC(=O)c1ccc(Br)cc1C.FC(F)(F)Oc1ccc(-n2cnc(Br)n2)cc1
28,COC(=O)c1ccc(-c2ncn(-c3ccc(OC(F)(F)F)cc3)n2)cc1C,COC(=O)c1ccc(B2OC(C)(C)C(C)(C)O2)cc1C.FC(F)(F)Oc1ccc(-n2cnc(Cl)n2)cc1
29,COC(=O)c1ccc(-c2ncn(-c3ccc(OC(F)(F)F)cc3)n2)cc1C,COC(=O)c1ccc(C(=NNc2ccc(OC(F)(F)F)cc2)NCBr)cc1C
30,COC(=O)c1ccc(-c2ncn(-c3ccc(OC(F)(F)F)cc3)n2)cc1C,CCCC[Sn](CCCC)(CCCC)c1ncn(-c2ccc(OC(F)(F)F)cc2)n1.COC(=O)c1ccc(Cl)cc1C
31,COC(=O)c1ccc(-c2ncn(-c3ccc(OC(F)(F)F)cc3)n2)cc1C,COC(=O)c1ccc(B(O)O)cc1C.FC(F)(F)Oc1ccc(-n2cnc(Cl)n2)cc1
32,COC(=O)c1ccc(-c2ncn(-c3ccc(OC(F)(F)F)cc3)n2)cc1C,C=[N+]=[N-].Cc1cc(-c2ncn(-c3ccc(OC(F)(F)F)cc3)n2)ccc1C(=O)O
33,COC(=O)c1ccc(-c2ncn(-c3ccc(OC(F)(F)F)cc3)n2)cc1C,CI.Cc1cc(-c2ncn(-c3ccc(OC(F)(F)F)cc3)n2)ccc1C(=O)O
34,COC(=O)c1ccc(-c2ncn(-c3ccc(OC(F)(F)F)cc3)n2)cc1C,COC(=O)c1c(C)cc(-c2ncn(-c3ccc(OC(F)(F)F)cc3)n2)cc1Br
35,COC(=O)c1ccc(-c2ncn(-c3ccc(OC(F)(F)F)cc3)n2)cc1C,COC(=O)c1ccc(C(=O)NCCl)cc1C.NNc1ccc(OC(F)(F)F)cc1
36,COC(=O)c1ccc(-c2ncn(-c3ccc(OC(F)(F)F)cc3)n2)cc1C,COC(=O)c1ccc([Sn](C)(C)C)cc1C.FC(F)(F)Oc1ccc(-n2cnc(I)n2)cc1
37,COC(=O)c1ccc(-c2ncn(-c3ccc(OC(F)(F)F)cc3)n2)cc1C,COC(=O)c1ccc(Br)cc1C.OB(O)c1ncn(-c2ccc(OC(F)(F)F)cc2)n1
38,COC(=O)c1ccc(-c2ncn(-c3ccc(OC(F)(F)F)cc3)n2)cc1C,COC(=O)c1ccc([Sn](C)(C)C)cc1C.FC(F)(F)Oc1ccc(-n2cnc(Br)n2)cc1
39,COC(=O)c1ccc(-c2ncn(-c3ccc(OC(F)(F)F)cc3)n2)cc1C,COC(=O)c1ccc(-c2ncn(-c3ccc(OC(F)(F)F)c(Cl)c3)n2)cc1C
40,COC(=O)c1ccc(-c2ncn(-c3ccc(OC(F)(F)F)cc3)n2)cc1C,COC(=O)c1ccc(OS(=O)(=O)C(F)(F)F)cc1C.OB(O)c1ncn(-c2ccc(OC(F)(F)F)cc2)n1
41,COC(=O)c1ccc(-c2ncn(-c3ccc(OC(F)(F)F)cc3)n2)cc1C,COC(=O)c1ccc(-c2ncn(-c3ccc(OC(F)(F)F)cc3)n2)cc1CBr
42,COC(=O)c1ccc(-c2ncn(-c3ccc(OC(F)(F)F)cc3)n2)cc1C,COC(=O)c1ccc(-c2ncn(-c3ccc(OC(F)(F)F)cc3)n2)cc1Br.C[Mg+]
43,COC(=O)c1ccc(-c2ncn(-c3ccc(OC(F)(F)F)cc3)n2)cc1C,COC(=O)c1ccc(C(=O)NCF)cc1C.NNc1ccc(OC(F)(F)F)cc1
44,COC(=O)c1ccc(-c2ncn(-c3ccc(OC(F)(F)F)cc3)n2)cc1C,COC(=O)c1ccc(-c2ncn(-c3ccc(OC(F)(F)F)c(Br)c3)n2)cc1C
45,COC(=O)c1ccc(-c2ncn(-c3ccc(OC(F)(F)F)cc3)n2)cc1C,CB(O)O.COC(=O)c1ccc(-c2ncn(-c3ccc(OC(F)(F)F)cc3)n2)cc1Cl
46,COC(=O)c1ccc(-c2ncn(-c3ccc(OC(F)(F)F)cc3)n2)cc1C,COC(=O)c1ccc(C(N)=NN(C=O)c2ccc(OC(F)(F)F)cc2)cc1C
47,COC(=O)c1ccc(-c2ncn(-c3ccc(OC(F)(F)F)cc3)n2)cc1C,COC(=O)c1ccc(B(O)O)cc1C.O=S(=O)(Oc1ncn(-c2ccc(OC(F)(F)F)cc2)n1)C(F)(F)F
48,COC(=O)c1ccc(-c2ncn(-c3ccc(OC(F)(F)F)cc3)n2)cc1C,COC(=O)c1c(C)cc(-c2ncn(-c3ccc(OC(F)(F)F)cc3)n2)cc1Cl
49,COC(=O)c1ccc(-c2ncn(-c3ccc(OC(F)(F)F)cc3)n2)cc1C,COC(=O)c1ccc(Br)cc1C.FC(F)(F)Oc1ccc(-n2cnc(Cl)n2)cc1
